backend,device,batch_size,repeats,latency_ms_mean,latency_ms_p50,latency_ms_p95,throughput_ecg_per_s
pytorch,cuda,1,100,8.783290311694145,8.664552122354507,9.93710272014141,113.85255007096734
pytorch,cuda,8,100,8.916367441415787,8.788585662841797,9.540186449885368,897.2263707797263
pytorch,cuda,32,100,9.162798449397087,8.841440081596375,10.633640363812447,3492.382832245492
onnxruntime,CPUExecutionProvider,1,100,127.89747096598148,104.29196804761887,193.54720935225487,7.818762892238758
onnxruntime,CPUExecutionProvider,8,100,222.02005080878735,200.9502314031124,302.90186926722527,36.032781592730664
onnxruntime,CPUExecutionProvider,32,100,294.99869994819164,295.47982290387154,401.2707527726886,108.47505431590008
tensorrt,cuda,1,100,1.544070616364479,1.2511461973190308,3.3782921731472015,647.6387733836322
tensorrt,cuda,8,100,2.041364684700966,1.378912478685379,3.459830582141876,3918.946996563673
tensorrt,cuda,32,100,2.5400912016630173,2.060983330011368,3.8877271115779877,12597.972851939077
