arm,source_path,index,label_names,quality_status,warnings,einthoven_residual,avR_residual,hr_estimate_bpm,target_prob_max,semantic_top1,semantic_any_positive_ge_05,prob_CD,prob_HYP,prob_MI,prob_NORM,prob_STTC
target_token_s05,/root/autodl-tmp/ecgtwin_prompt_token_super5/effectiveness_pilot_v42_task1gate_ningbo_token_scale_large_20260504/target_token_s05/ningbo/gated/gated_samples.npz,0,NORM,warning,aVR = -(I+II)/2 violated (residual=0.368),0.1823232585340574,0.3684143504311485,125.91815320041974,0.9585766792297363,True,True,0.027149690315127373,0.023023976013064384,0.031419601291418076,0.9585766792297363,0.024784857407212257
target_token_s05,/root/autodl-tmp/ecgtwin_prompt_token_super5/effectiveness_pilot_v42_task1gate_ningbo_token_scale_large_20260504/target_token_s05/ningbo/gated/gated_samples.npz,1,NORM,warning,Einthoven II=I+III violated (residual=0.209)|aVR = -(I+II)/2 violated (residual=0.474),0.20924676951988044,0.4743370764070459,108.38709677419355,0.9474660754203796,True,True,0.016139214858412743,0.3774571418762207,0.0009008354390971363,0.9474660754203796,0.04571186378598213
target_token_s05,/root/autodl-tmp/ecgtwin_prompt_token_super5/effectiveness_pilot_v42_task1gate_ningbo_token_scale_large_20260504/target_token_s05/ningbo/gated/gated_samples.npz,2,NORM,warning,Einthoven II=I+III violated (residual=0.511)|aVR = -(I+II)/2 violated (residual=1.128),0.5105022114167013,1.1279454317642523,75.63025210084034,0.5339243412017822,False,True,0.03627191111445427,0.03494211286306381,0.7699652314186096,0.5339243412017822,0.03301805257797241
target_token_s05,/root/autodl-tmp/ecgtwin_prompt_token_super5/effectiveness_pilot_v42_task1gate_ningbo_token_scale_large_20260504/target_token_s05/ningbo/gated/gated_samples.npz,3,NORM,warning,Einthoven II=I+III violated (residual=0.257)|aVR = -(I+II)/2 violated (residual=0.653),0.2567553839783245,0.653411398986133,88.14270724029382,0.9866547584533691,True,True,0.010167569853365421,0.08673722296953201,0.0010440412443131208,0.9866547584533691,0.009145042859017849
target_token_s05,/root/autodl-tmp/ecgtwin_prompt_token_super5/effectiveness_pilot_v42_task1gate_ningbo_token_scale_large_20260504/target_token_s05/ningbo/gated/gated_samples.npz,4,NORM,warning,Einthoven II=I+III violated (residual=0.287)|aVR = -(I+II)/2 violated (residual=0.649),0.2872489995503947,0.6492262856290595,94.63722397476342,0.8394640684127808,True,True,0.052603404968976974,0.02459767833352089,0.37817907333374023,0.8394640684127808,0.02846505492925644
target_token_s05,/root/autodl-tmp/ecgtwin_prompt_token_super5/effectiveness_pilot_v42_task1gate_ningbo_token_scale_large_20260504/target_token_s05/ningbo/gated/gated_samples.npz,5,NORM,warning,Einthoven II=I+III violated (residual=0.322)|aVR = -(I+II)/2 violated (residual=0.745),0.32203101473807527,0.744652164636911,119.74789915966387,0.9377080798149109,True,True,0.014532498084008694,0.38275325298309326,0.006118841469287872,0.9377080798149109,0.09779980778694153
target_token_s05,/root/autodl-tmp/ecgtwin_prompt_token_super5/effectiveness_pilot_v42_task1gate_ningbo_token_scale_large_20260504/target_token_s05/ningbo/gated/gated_samples.npz,6,NORM,warning,Einthoven II=I+III violated (residual=0.256)|aVR = -(I+II)/2 violated (residual=0.682),0.2555902635408419,0.6823431071878185,141.09742441209406,0.9463366270065308,True,True,0.02813214622437954,0.21621260046958923,0.0008272135746665299,0.9463366270065308,0.0109540531411767
target_token_s05,/root/autodl-tmp/ecgtwin_prompt_token_super5/effectiveness_pilot_v42_task1gate_ningbo_token_scale_large_20260504/target_token_s05/ningbo/gated/gated_samples.npz,7,NORM,warning,Einthoven II=I+III violated (residual=0.278)|aVR = -(I+II)/2 violated (residual=0.703),0.2779827667680277,0.7025488094327154,94.53781512605042,0.9611838459968567,True,True,0.02464986778795719,0.1966801881790161,0.002667352557182312,0.9611838459968567,0.02596723847091198
target_token_s05,/root/autodl-tmp/ecgtwin_prompt_token_super5/effectiveness_pilot_v42_task1gate_ningbo_token_scale_large_20260504/target_token_s05/ningbo/gated/gated_samples.npz,8,NORM,warning,Einthoven II=I+III violated (residual=0.349)|aVR = -(I+II)/2 violated (residual=0.886),0.3490594474845998,0.8856177265201122,151.26050420168067,0.9012938737869263,True,True,0.14428070187568665,0.014618773944675922,0.010189452208578587,0.9012938737869263,0.010962440632283688
target_token_s05,/root/autodl-tmp/ecgtwin_prompt_token_super5/effectiveness_pilot_v42_task1gate_ningbo_token_scale_large_20260504/target_token_s05/ningbo/gated/gated_samples.npz,9,NORM,warning,Einthoven II=I+III violated (residual=0.228)|aVR = -(I+II)/2 violated (residual=0.641),0.2284482307691518,0.6413109165042353,88.23529411764706,0.9681992530822754,True,True,0.016612611711025238,0.08982391655445099,0.010682660154998302,0.9681992530822754,0.010136663913726807
target_token_s05,/root/autodl-tmp/ecgtwin_prompt_token_super5/effectiveness_pilot_v42_task1gate_ningbo_token_scale_large_20260504/target_token_s05/ningbo/gated/gated_samples.npz,10,NORM,warning,Einthoven II=I+III violated (residual=0.291)|aVR = -(I+II)/2 violated (residual=0.733),0.2911156275732661,0.7331940822548307,75.63025210084034,0.978594183921814,True,True,0.018350834026932716,0.04597154259681702,0.006636134814471006,0.978594183921814,0.009619018994271755
target_token_s05,/root/autodl-tmp/ecgtwin_prompt_token_super5/effectiveness_pilot_v42_task1gate_ningbo_token_scale_large_20260504/target_token_s05/ningbo/gated/gated_samples.npz,11,NORM,warning,Einthoven II=I+III violated (residual=0.410)|aVR = -(I+II)/2 violated (residual=0.935),0.41013057267712155,0.9352177637478296,75.63025210084034,0.9663988947868347,True,True,0.02397552877664566,0.025514788925647736,0.018412481993436813,0.9663988947868347,0.026616310700774193
target_token_s05,/root/autodl-tmp/ecgtwin_prompt_token_super5/effectiveness_pilot_v42_task1gate_ningbo_token_scale_large_20260504/target_token_s05/ningbo/gated/gated_samples.npz,12,NORM,warning,Einthoven II=I+III violated (residual=0.336)|aVR = -(I+II)/2 violated (residual=0.887),0.3357236724104807,0.8867230156573369,151.26050420168067,0.9598789811134338,True,True,0.02859153226017952,0.006914117373526096,0.11348401755094528,0.9598789811134338,0.012972217984497547
target_token_s05,/root/autodl-tmp/ecgtwin_prompt_token_super5/effectiveness_pilot_v42_task1gate_ningbo_token_scale_large_20260504/target_token_s05/ningbo/gated/gated_samples.npz,13,NORM,warning,Einthoven II=I+III violated (residual=0.469)|aVR = -(I+II)/2 violated (residual=1.089),0.4694969186153035,1.0887636895075101,151.26050420168067,0.9290457963943481,True,True,0.024516288191080093,0.10197503119707108,0.037933509796857834,0.9290457963943481,0.08482608199119568
target_token_s05,/root/autodl-tmp/ecgtwin_prompt_token_super5/effectiveness_pilot_v42_task1gate_ningbo_token_scale_large_20260504/target_token_s05/ningbo/gated/gated_samples.npz,14,NORM,warning,Einthoven II=I+III violated (residual=0.254)|aVR = -(I+II)/2 violated (residual=0.628),0.25405489561848665,0.6284968716740851,69.4006309148265,0.9867761731147766,True,True,0.006975507829338312,0.054389480501413345,0.00037957142922095954,0.9867761731147766,0.007830730639398098
target_token_s05,/root/autodl-tmp/ecgtwin_prompt_token_super5/effectiveness_pilot_v42_task1gate_ningbo_token_scale_large_20260504/target_token_s05/ningbo/gated/gated_samples.npz,15,NORM,warning,Einthoven II=I+III violated (residual=0.405)|aVR = -(I+II)/2 violated (residual=0.921),0.4054871603293558,0.9207266485239051,144.95798319327733,0.9910394549369812,True,True,0.01057782769203186,0.01924877241253853,0.0036622413899749517,0.9910394549369812,0.003389097051694989
target_token_s05,/root/autodl-tmp/ecgtwin_prompt_token_super5/effectiveness_pilot_v42_task1gate_ningbo_token_scale_large_20260504/target_token_s05/ningbo/gated/gated_samples.npz,16,NORM,warning,Einthoven II=I+III violated (residual=0.259)|aVR = -(I+II)/2 violated (residual=0.718),0.25948567621530344,0.7180847984878895,75.55089192025184,0.9651650190353394,True,True,0.02386818639934063,0.05895259976387024,0.03001783974468708,0.9651650190353394,0.018414651975035667
target_token_s05,/root/autodl-tmp/ecgtwin_prompt_token_super5/effectiveness_pilot_v42_task1gate_ningbo_token_scale_large_20260504/target_token_s05/ningbo/gated/gated_samples.npz,17,NORM,warning,Einthoven II=I+III violated (residual=0.429)|aVR = -(I+II)/2 violated (residual=1.007),0.42891372059171057,1.0072087921208803,82.01892744479495,0.9327251315116882,True,True,0.03153938800096512,0.27595072984695435,0.003278129268437624,0.9327251315116882,0.042643480002880096
target_token_s05,/root/autodl-tmp/ecgtwin_prompt_token_super5/effectiveness_pilot_v42_task1gate_ningbo_token_scale_large_20260504/target_token_s05/ningbo/gated/gated_samples.npz,18,NORM,warning,Einthoven II=I+III violated (residual=0.360)|aVR = -(I+II)/2 violated (residual=0.872),0.36007181920121645,0.8717291359021281,91.54929577464789,0.8107794523239136,True,True,0.43345192074775696,0.11067573726177216,0.08102862536907196,0.8107794523239136,0.050075139850378036
target_token_s05,/root/autodl-tmp/ecgtwin_prompt_token_super5/effectiveness_pilot_v42_task1gate_ningbo_token_scale_large_20260504/target_token_s05/ningbo/gated/gated_samples.npz,19,NORM,warning,Einthoven II=I+III violated (residual=0.424)|aVR = -(I+II)/2 violated (residual=0.984),0.4240866869521254,0.984394685192618,138.65546218487395,0.9473802447319031,True,True,0.11586042493581772,0.062933549284935,0.0436430349946022,0.9473802447319031,0.023961130529642105
target_token_s05,/root/autodl-tmp/ecgtwin_prompt_token_super5/effectiveness_pilot_v42_task1gate_ningbo_token_scale_large_20260504/target_token_s05/ningbo/gated/gated_samples.npz,20,NORM,warning,Einthoven II=I+III violated (residual=0.333)|aVR = -(I+II)/2 violated (residual=0.829),0.33285561912984135,0.8286757156829136,76.8409818569904,0.9626455903053284,True,True,0.02572760358452797,0.27352312207221985,0.0005350826540961862,0.9626455903053284,0.006944736000150442
target_token_s05,/root/autodl-tmp/ecgtwin_prompt_token_super5/effectiveness_pilot_v42_task1gate_ningbo_token_scale_large_20260504/target_token_s05/ningbo/gated/gated_samples.npz,21,NORM,warning,Einthoven II=I+III violated (residual=0.266)|aVR = -(I+II)/2 violated (residual=0.712),0.26589740048393173,0.7118597941281309,82.01892744479495,0.979086697101593,True,True,0.017416786402463913,0.031629543751478195,0.002274732803925872,0.979086697101593,0.005789450369775295
target_token_s05,/root/autodl-tmp/ecgtwin_prompt_token_super5/effectiveness_pilot_v42_task1gate_ningbo_token_scale_large_20260504/target_token_s05/ningbo/gated/gated_samples.npz,22,NORM,warning,Einthoven II=I+III violated (residual=0.262)|aVR = -(I+II)/2 violated (residual=0.661),0.2624095632800498,0.6606954379087342,81.9327731092437,0.9621918797492981,True,True,0.10324367135763168,0.01204728428274393,0.0049135987646877766,0.9621918797492981,0.008883433416485786
target_token_s05,/root/autodl-tmp/ecgtwin_prompt_token_super5/effectiveness_pilot_v42_task1gate_ningbo_token_scale_large_20260504/target_token_s05/ningbo/gated/gated_samples.npz,23,NORM,warning,Einthoven II=I+III violated (residual=0.378)|aVR = -(I+II)/2 violated (residual=0.910),0.3784228800626274,0.9104388609443699,125.91815320041974,0.960634708404541,True,True,0.020795054733753204,0.08651535958051682,0.00672785984352231,0.960634708404541,0.012207373976707458
target_token_s05,/root/autodl-tmp/ecgtwin_prompt_token_super5/effectiveness_pilot_v42_task1gate_ningbo_token_scale_large_20260504/target_token_s05/ningbo/gated/gated_samples.npz,24,NORM,warning,aVR = -(I+II)/2 violated (residual=0.337),0.1460742466487839,0.33744386069821797,108.97435897435898,0.9506834149360657,True,True,0.011306715197861195,0.040898848325014114,0.00843835063278675,0.9506834149360657,0.0755215585231781
target_token_s05,/root/autodl-tmp/ecgtwin_prompt_token_super5/effectiveness_pilot_v42_task1gate_ningbo_token_scale_large_20260504/target_token_s05/ningbo/gated/gated_samples.npz,25,NORM,warning,Einthoven II=I+III violated (residual=0.260)|aVR = -(I+II)/2 violated (residual=0.663),0.2604976115968399,0.6634318576153063,125.91815320041974,0.9719119668006897,True,True,0.03114895522594452,0.1551552563905716,0.00036483799340203404,0.9719119668006897,0.004493195563554764
target_token_s05,/root/autodl-tmp/ecgtwin_prompt_token_super5/effectiveness_pilot_v42_task1gate_ningbo_token_scale_large_20260504/target_token_s05/ningbo/gated/gated_samples.npz,26,NORM,warning,Einthoven II=I+III violated (residual=0.348)|aVR = -(I+II)/2 violated (residual=0.840),0.3481379287965892,0.8398737786880295,75.60137457044674,0.9357525706291199,True,True,0.04019348695874214,0.41824233531951904,0.0004199648683425039,0.9357525706291199,0.010653229430317879
target_token_s05,/root/autodl-tmp/ecgtwin_prompt_token_super5/effectiveness_pilot_v42_task1gate_ningbo_token_scale_large_20260504/target_token_s05/ningbo/gated/gated_samples.npz,27,NORM,warning,Einthoven II=I+III violated (residual=0.410)|aVR = -(I+II)/2 violated (residual=1.017),0.40963515509281834,1.0171648210351334,70.81545064377683,0.9570138454437256,True,True,0.04318761080503464,0.15385515987873077,0.0062227253802120686,0.9570138454437256,0.01662643440067768
target_token_s05,/root/autodl-tmp/ecgtwin_prompt_token_super5/effectiveness_pilot_v42_task1gate_ningbo_token_scale_large_20260504/target_token_s05/ningbo/gated/gated_samples.npz,28,NORM,warning,Einthoven II=I+III violated (residual=0.232)|aVR = -(I+II)/2 violated (residual=0.566),0.23181740623271885,0.5664374047355671,101.05263157894737,0.9379122853279114,True,True,0.021053092554211617,0.04837966337800026,0.054002273827791214,0.9379122853279114,0.03185479715466499
target_token_s05,/root/autodl-tmp/ecgtwin_prompt_token_super5/effectiveness_pilot_v42_task1gate_ningbo_token_scale_large_20260504/target_token_s05/ningbo/gated/gated_samples.npz,29,NORM,warning,Einthoven II=I+III violated (residual=0.422)|aVR = -(I+II)/2 violated (residual=0.965),0.42240947736107043,0.9652271932475764,81.84679958027283,0.6110250949859619,False,True,0.40173956751823425,0.8443976044654846,0.0012433448573574424,0.6110250949859619,0.029134735465049744
target_token_s05,/root/autodl-tmp/ecgtwin_prompt_token_super5/effectiveness_pilot_v42_task1gate_ningbo_token_scale_large_20260504/target_token_s05/ningbo/gated/gated_samples.npz,30,NORM,warning,Einthoven II=I+III violated (residual=0.420)|aVR = -(I+II)/2 violated (residual=0.669),0.42032169100989075,0.6694777397575542,113.08900523560209,0.8566892743110657,True,True,0.03782375901937485,0.21047981083393097,0.08768649399280548,0.8566892743110657,0.16934573650360107
target_token_s05,/root/autodl-tmp/ecgtwin_prompt_token_super5/effectiveness_pilot_v42_task1gate_ningbo_token_scale_large_20260504/target_token_s05/ningbo/gated/gated_samples.npz,31,NORM,warning,Einthoven II=I+III violated (residual=0.276)|aVR = -(I+II)/2 violated (residual=0.687),0.27630361163168426,0.687066364396749,138.65546218487395,0.8804997205734253,True,True,0.03434692695736885,0.49910876154899597,0.002965266816318035,0.8804997205734253,0.034644965082407
target_token_s05,/root/autodl-tmp/ecgtwin_prompt_token_super5/effectiveness_pilot_v42_task1gate_ningbo_token_scale_large_20260504/target_token_s05/ningbo/gated/gated_samples.npz,32,NORM,warning,Einthoven II=I+III violated (residual=0.259)|aVR = -(I+II)/2 violated (residual=0.616),0.258834266129911,0.6162850796047081,151.10178384050369,0.9719834327697754,True,True,0.026450475677847862,0.018423132598400116,0.006391236558556557,0.9719834327697754,0.02256712317466736
target_token_s05,/root/autodl-tmp/ecgtwin_prompt_token_super5/effectiveness_pilot_v42_task1gate_ningbo_token_scale_large_20260504/target_token_s05/ningbo/gated/gated_samples.npz,33,NORM,pass,,0.07294459898490654,0.27837008379723666,89.45686900958466,0.9701913595199585,True,True,0.04390076547861099,0.11307566612958908,0.0006675539771094918,0.9701913595199585,0.017389224842190742
target_token_s05,/root/autodl-tmp/ecgtwin_prompt_token_super5/effectiveness_pilot_v42_task1gate_ningbo_token_scale_large_20260504/target_token_s05/ningbo/gated/gated_samples.npz,34,NORM,warning,Einthoven II=I+III violated (residual=0.614)|aVR = -(I+II)/2 violated (residual=1.308),0.6138395197694868,1.308068317135179,151.26050420168067,0.5435053706169128,False,True,0.04507745802402496,0.7779363393783569,0.0780377984046936,0.5435053706169128,0.10736054182052612
target_token_s05,/root/autodl-tmp/ecgtwin_prompt_token_super5/effectiveness_pilot_v42_task1gate_ningbo_token_scale_large_20260504/target_token_s05/ningbo/gated/gated_samples.npz,35,NORM,warning,Einthoven II=I+III violated (residual=0.342)|aVR = -(I+II)/2 violated (residual=0.805),0.34199205776807284,0.8051376247849599,75.39267015706805,0.9510842561721802,True,True,0.05478412285447121,0.15114977955818176,0.01975403167307377,0.9510842561721802,0.008704250678420067
target_token_s05,/root/autodl-tmp/ecgtwin_prompt_token_super5/effectiveness_pilot_v42_task1gate_ningbo_token_scale_large_20260504/target_token_s05/ningbo/gated/gated_samples.npz,36,NORM,warning,Einthoven II=I+III violated (residual=0.322)|aVR = -(I+II)/2 violated (residual=0.785),0.3219258787519238,0.784604339847759,81.91126279863482,0.9713646769523621,True,True,0.01755337417125702,0.14018455147743225,0.0015289532020688057,0.9713646769523621,0.01734912022948265
target_token_s05,/root/autodl-tmp/ecgtwin_prompt_token_super5/effectiveness_pilot_v42_task1gate_ningbo_token_scale_large_20260504/target_token_s05/ningbo/gated/gated_samples.npz,37,NORM,warning,Einthoven II=I+III violated (residual=0.246)|aVR = -(I+II)/2 violated (residual=0.677),0.2461797268855123,0.6773758373859633,75.63025210084034,0.932233989238739,True,True,0.04262707382440567,0.026377679780125618,0.012930553406476974,0.932233989238739,0.05071081966161728
target_token_s05,/root/autodl-tmp/ecgtwin_prompt_token_super5/effectiveness_pilot_v42_task1gate_ningbo_token_scale_large_20260504/target_token_s05/ningbo/gated/gated_samples.npz,38,NORM,warning,Einthoven II=I+III violated (residual=0.338)|aVR = -(I+II)/2 violated (residual=0.820),0.33752041314300135,0.8204076209844887,75.63025210084034,0.9238631129264832,True,True,0.028120841830968857,0.293443500995636,0.001401466317474842,0.9238631129264832,0.02472834661602974
target_token_s05,/root/autodl-tmp/ecgtwin_prompt_token_super5/effectiveness_pilot_v42_task1gate_ningbo_token_scale_large_20260504/target_token_s05/ningbo/gated/gated_samples.npz,39,NORM,pass,,0.0635015051289087,0.19976269532575885,125.78616352201259,0.955160915851593,True,True,0.04436769336462021,0.021473310887813568,0.04157093167304993,0.955160915851593,0.01858387514948845
target_token_s05,/root/autodl-tmp/ecgtwin_prompt_token_super5/effectiveness_pilot_v42_task1gate_ningbo_token_scale_large_20260504/target_token_s05/ningbo/gated/gated_samples.npz,40,NORM,warning,Einthoven II=I+III violated (residual=0.263)|aVR = -(I+II)/2 violated (residual=0.691),0.2633212144141639,0.690509740662971,100.73452256033579,0.9740015864372253,True,True,0.008138338103890419,0.19829480350017548,0.0010210871696472168,0.9740015864372253,0.013642286881804466
target_token_s05,/root/autodl-tmp/ecgtwin_prompt_token_super5/effectiveness_pilot_v42_task1gate_ningbo_token_scale_large_20260504/target_token_s05/ningbo/gated/gated_samples.npz,41,NORM,warning,Einthoven II=I+III violated (residual=0.495)|aVR = -(I+II)/2 violated (residual=1.011),0.49528477844295177,1.010657327434233,114.86486486486486,0.7377195358276367,True,True,0.09329832345247269,0.2923448383808136,0.22176174819469452,0.7377195358276367,0.09135016053915024
target_token_s05,/root/autodl-tmp/ecgtwin_prompt_token_super5/effectiveness_pilot_v42_task1gate_ningbo_token_scale_large_20260504/target_token_s05/ningbo/gated/gated_samples.npz,42,NORM,warning,Einthoven II=I+III violated (residual=0.280)|aVR = -(I+II)/2 violated (residual=0.638),0.2799703682668477,0.6375839138730688,81.9327731092437,0.873321533203125,True,True,0.12855243682861328,0.5509173274040222,0.0032341594342142344,0.873321533203125,0.044437605887651443
target_token_s05,/root/autodl-tmp/ecgtwin_prompt_token_super5/effectiveness_pilot_v42_task1gate_ningbo_token_scale_large_20260504/target_token_s05/ningbo/gated/gated_samples.npz,43,NORM,warning,Einthoven II=I+III violated (residual=0.436)|aVR = -(I+II)/2 violated (residual=1.133),0.4358597287840891,1.1331084372017004,100.94637223974763,0.8948814272880554,True,True,0.02354143187403679,0.3194035589694977,0.007595144212245941,0.8948814272880554,0.11552871018648148
target_token_s05,/root/autodl-tmp/ecgtwin_prompt_token_super5/effectiveness_pilot_v42_task1gate_ningbo_token_scale_large_20260504/target_token_s05/ningbo/gated/gated_samples.npz,44,NORM,warning,Einthoven II=I+III violated (residual=0.347)|aVR = -(I+II)/2 violated (residual=0.877),0.3470408559033291,0.8767662338344048,81.9327731092437,0.9472644329071045,True,True,0.013912017457187176,0.06221558526158333,0.022644242271780968,0.9472644329071045,0.025166573002934456
target_token_s05,/root/autodl-tmp/ecgtwin_prompt_token_super5/effectiveness_pilot_v42_task1gate_ningbo_token_scale_large_20260504/target_token_s05/ningbo/gated/gated_samples.npz,45,NORM,warning,Einthoven II=I+III violated (residual=0.262)|aVR = -(I+II)/2 violated (residual=0.721),0.2623737617900256,0.7209673563556378,88.05031446540882,0.9919154047966003,True,True,0.005691516678780317,0.015617001801729202,0.002259280765429139,0.9919154047966003,0.0035778742749243975
target_token_s05,/root/autodl-tmp/ecgtwin_prompt_token_super5/effectiveness_pilot_v42_task1gate_ningbo_token_scale_large_20260504/target_token_s05/ningbo/gated/gated_samples.npz,46,NORM,warning,Einthoven II=I+III violated (residual=0.339)|aVR = -(I+II)/2 violated (residual=0.823),0.3386122120513829,0.8233239163929661,107.03043022035678,0.9108009338378906,True,True,0.24512939155101776,0.13159075379371643,0.006156512536108494,0.9108009338378906,0.011073701083660126
target_token_s05,/root/autodl-tmp/ecgtwin_prompt_token_super5/effectiveness_pilot_v42_task1gate_ningbo_token_scale_large_20260504/target_token_s05/ningbo/gated/gated_samples.npz,47,NORM,warning,aVR = -(I+II)/2 violated (residual=0.581),0.1935468869554501,0.5805167639045418,144.95798319327733,0.901670515537262,True,True,0.026845665648579597,0.11429551988840103,0.09277202188968658,0.901670515537262,0.040261879563331604
target_token_s05,/root/autodl-tmp/ecgtwin_prompt_token_super5/effectiveness_pilot_v42_task1gate_ningbo_token_scale_large_20260504/target_token_s05/ningbo/gated/gated_samples.npz,48,NORM,warning,Einthoven II=I+III violated (residual=0.330)|aVR = -(I+II)/2 violated (residual=0.807),0.3303302674112909,0.8067916453932656,126.05042016806723,0.8711405396461487,True,True,0.01322490070015192,0.2713255286216736,0.09999547153711319,0.8711405396461487,0.14089755713939667
target_token_s05,/root/autodl-tmp/ecgtwin_prompt_token_super5/effectiveness_pilot_v42_task1gate_ningbo_token_scale_large_20260504/target_token_s05/ningbo/gated/gated_samples.npz,49,NORM,warning,Einthoven II=I+III violated (residual=0.318)|aVR = -(I+II)/2 violated (residual=0.763),0.3182796877633572,0.762778144927005,100.0,0.9532095193862915,True,True,0.057635270059108734,0.033517710864543915,0.04580318182706833,0.9532095193862915,0.013416068628430367
target_token_s05,/root/autodl-tmp/ecgtwin_prompt_token_super5/effectiveness_pilot_v42_task1gate_ningbo_token_scale_large_20260504/target_token_s05/ningbo/gated/gated_samples.npz,50,NORM,warning,aVR = -(I+II)/2 violated (residual=0.361),0.15048413985086015,0.3612886069105039,151.26050420168067,0.979247510433197,True,True,0.0027419300749897957,0.03464310243725777,0.00580824026837945,0.979247510433197,0.059316232800483704
target_token_s05,/root/autodl-tmp/ecgtwin_prompt_token_super5/effectiveness_pilot_v42_task1gate_ningbo_token_scale_large_20260504/target_token_s05/ningbo/gated/gated_samples.npz,51,NORM,warning,Einthoven II=I+III violated (residual=0.202)|aVR = -(I+II)/2 violated (residual=0.483),0.20206202343473234,0.48324954318072316,119.74789915966387,0.8297007083892822,True,True,0.22665953636169434,0.213222935795784,0.017671195790171623,0.8297007083892822,0.04082059860229492
target_token_s05,/root/autodl-tmp/ecgtwin_prompt_token_super5/effectiveness_pilot_v42_task1gate_ningbo_token_scale_large_20260504/target_token_s05/ningbo/gated/gated_samples.npz,52,NORM,warning,Einthoven II=I+III violated (residual=0.343)|aVR = -(I+II)/2 violated (residual=0.860),0.3426496035771745,0.8600643069859473,157.1753986332574,0.9389380812644958,True,True,0.029575958847999573,0.1971701681613922,0.0042313323356211185,0.9389380812644958,0.01617325469851494
target_token_s05,/root/autodl-tmp/ecgtwin_prompt_token_super5/effectiveness_pilot_v42_task1gate_ningbo_token_scale_large_20260504/target_token_s05/ningbo/gated/gated_samples.npz,53,NORM,warning,Einthoven II=I+III violated (residual=0.371)|aVR = -(I+II)/2 violated (residual=0.853),0.3711469136231296,0.853319226629926,69.32773109243698,0.6499760746955872,True,True,0.04809419438242912,0.08005888015031815,0.5617603063583374,0.6499760746955872,0.02028932049870491
target_token_s05,/root/autodl-tmp/ecgtwin_prompt_token_super5/effectiveness_pilot_v42_task1gate_ningbo_token_scale_large_20260504/target_token_s05/ningbo/gated/gated_samples.npz,54,NORM,warning,Einthoven II=I+III violated (residual=0.285)|aVR = -(I+II)/2 violated (residual=0.735),0.2852542896211785,0.7353117598753712,94.4386149003148,0.5342890620231628,False,True,0.8343862295150757,0.39438584446907043,0.009182373061776161,0.5342890620231628,0.03317240625619888
target_token_s05,/root/autodl-tmp/ecgtwin_prompt_token_super5/effectiveness_pilot_v42_task1gate_ningbo_token_scale_large_20260504/target_token_s05/ningbo/gated/gated_samples.npz,55,NORM,warning,Einthoven II=I+III violated (residual=0.319)|aVR = -(I+II)/2 violated (residual=0.689),0.3189417333113477,0.6892434596690045,107.14285714285715,0.9644047021865845,True,True,0.008667876943945885,0.1324281096458435,0.0012016961118206382,0.9644047021865845,0.02608417719602585
target_token_s05,/root/autodl-tmp/ecgtwin_prompt_token_super5/effectiveness_pilot_v42_task1gate_ningbo_token_scale_large_20260504/target_token_s05/ningbo/gated/gated_samples.npz,56,NORM,warning,Einthoven II=I+III violated (residual=0.311)|aVR = -(I+II)/2 violated (residual=0.762),0.3110622149627904,0.7623944137977342,138.65546218487395,0.964108943939209,True,True,0.05479415878653526,0.02757689170539379,0.04036136344075203,0.964108943939209,0.013296232558786869
target_token_s05,/root/autodl-tmp/ecgtwin_prompt_token_super5/effectiveness_pilot_v42_task1gate_ningbo_token_scale_large_20260504/target_token_s05/ningbo/gated/gated_samples.npz,57,NORM,warning,Einthoven II=I+III violated (residual=0.246)|aVR = -(I+II)/2 violated (residual=0.575),0.24618071468737718,0.5751259413335638,81.9327731092437,0.9875614643096924,True,True,0.0065079801715910435,0.013034897856414318,0.0008198394789360464,0.9875614643096924,0.006594942416995764
target_token_s05,/root/autodl-tmp/ecgtwin_prompt_token_super5/effectiveness_pilot_v42_task1gate_ningbo_token_scale_large_20260504/target_token_s05/ningbo/gated/gated_samples.npz,58,NORM,warning,Einthoven II=I+III violated (residual=0.294)|aVR = -(I+II)/2 violated (residual=0.629),0.2939855228385956,0.6285745376710348,151.26050420168067,0.9489195346832275,True,True,0.004784701857715845,0.19129371643066406,0.004054882563650608,0.9489195346832275,0.10637782514095306
target_token_s05,/root/autodl-tmp/ecgtwin_prompt_token_super5/effectiveness_pilot_v42_task1gate_ningbo_token_scale_large_20260504/target_token_s05/ningbo/gated/gated_samples.npz,59,NORM,warning,Einthoven II=I+III violated (residual=0.482)|aVR = -(I+II)/2 violated (residual=1.107),0.48189714752803486,1.1072705544868644,151.26050420168067,0.7949709892272949,True,True,0.18691188097000122,0.4950462281703949,0.057877082377672195,0.7949709892272949,0.028011251240968704
target_token_s05,/root/autodl-tmp/ecgtwin_prompt_token_super5/effectiveness_pilot_v42_task1gate_ningbo_token_scale_large_20260504/target_token_s05/ningbo/gated/gated_samples.npz,60,NORM,warning,Einthoven II=I+III violated (residual=0.350)|aVR = -(I+II)/2 violated (residual=0.904),0.3501615459873288,0.9038858914043975,81.84679958027283,0.8787837624549866,True,True,0.04016949236392975,0.43420061469078064,0.002451730892062187,0.8787837624549866,0.0543823204934597
target_token_s05,/root/autodl-tmp/ecgtwin_prompt_token_super5/effectiveness_pilot_v42_task1gate_ningbo_token_scale_large_20260504/target_token_s05/ningbo/gated/gated_samples.npz,61,NORM,warning,Einthoven II=I+III violated (residual=0.339)|aVR = -(I+II)/2 violated (residual=0.845),0.33877085339110646,0.8445021843388828,150.6276150627615,0.9810245037078857,True,True,0.014763531275093555,0.0804508849978447,0.002087213331833482,0.9810245037078857,0.004776117391884327
target_token_s05,/root/autodl-tmp/ecgtwin_prompt_token_super5/effectiveness_pilot_v42_task1gate_ningbo_token_scale_large_20260504/target_token_s05/ningbo/gated/gated_samples.npz,62,NORM,warning,Einthoven II=I+III violated (residual=0.332)|aVR = -(I+II)/2 violated (residual=0.848),0.33225935800446593,0.8482674392785168,75.63025210084034,0.9799047708511353,True,True,0.009356336668133736,0.08145070821046829,0.0016237784875556827,0.9799047708511353,0.004285620991140604
target_token_s05,/root/autodl-tmp/ecgtwin_prompt_token_super5/effectiveness_pilot_v42_task1gate_ningbo_token_scale_large_20260504/target_token_s05/ningbo/gated/gated_samples.npz,63,NORM,warning,Einthoven II=I+III violated (residual=0.321)|aVR = -(I+II)/2 violated (residual=0.558),0.3208325818922324,0.5580340183406131,75.55089192025184,0.9331719875335693,True,True,0.01684127375483513,0.07063595205545425,0.03229771926999092,0.9331719875335693,0.03286362811923027
no_token,/root/autodl-tmp/ecgtwin_prompt_token_super5/effectiveness_pilot_v42_task1gate_ningbo_no_token_large_20260504/no_token/ningbo/gated/gated_samples.npz,0,NORM,pass,,0.03813968928241092,0.0464017143267109,137.35691987513007,0.9408266544342041,True,True,0.006754038855433464,0.012451974675059319,0.01668982207775116,0.9408266544342041,0.09730104357004166
no_token,/root/autodl-tmp/ecgtwin_prompt_token_super5/effectiveness_pilot_v42_task1gate_ningbo_no_token_large_20260504/no_token/ningbo/gated/gated_samples.npz,1,NORM,warning,Einthoven II=I+III violated (residual=0.270)|aVR = -(I+II)/2 violated (residual=0.574),0.2702600552123615,0.573940175923795,75.08532423208192,0.43383076786994934,False,False,0.013445289805531502,0.9444360733032227,0.003915985580533743,0.43383076786994934,0.548760712146759
no_token,/root/autodl-tmp/ecgtwin_prompt_token_super5/effectiveness_pilot_v42_task1gate_ningbo_no_token_large_20260504/no_token/ningbo/gated/gated_samples.npz,2,NORM,warning,aVR = -(I+II)/2 violated (residual=0.476),0.1904667189352534,0.4759197376080799,152.14994487320837,0.9957268238067627,True,True,0.0032159704715013504,0.008965988643467426,0.002528202021494508,0.9957268238067627,0.006486766971647739
no_token,/root/autodl-tmp/ecgtwin_prompt_token_super5/effectiveness_pilot_v42_task1gate_ningbo_no_token_large_20260504/no_token/ningbo/gated/gated_samples.npz,3,NORM,warning,Einthoven II=I+III violated (residual=0.323)|aVR = -(I+II)/2 violated (residual=0.799),0.32331794457854696,0.7990716903532876,151.64835164835165,0.954566240310669,True,True,0.06255993992090225,0.3683442771434784,0.010113303549587727,0.954566240310669,0.017911899834871292
no_token,/root/autodl-tmp/ecgtwin_prompt_token_super5/effectiveness_pilot_v42_task1gate_ningbo_no_token_large_20260504/no_token/ningbo/gated/gated_samples.npz,4,NORM,warning,Einthoven II=I+III violated (residual=0.380)|aVR = -(I+II)/2 violated (residual=0.885),0.3796010393179819,0.8853798432251003,152.65486725663717,0.941400945186615,True,True,0.16477903723716736,0.03614455461502075,0.047216128557920456,0.941400945186615,0.013866465538740158
no_token,/root/autodl-tmp/ecgtwin_prompt_token_super5/effectiveness_pilot_v42_task1gate_ningbo_no_token_large_20260504/no_token/ningbo/gated/gated_samples.npz,5,NORM,warning,Einthoven II=I+III violated (residual=0.403)|aVR = -(I+II)/2 violated (residual=0.883),0.402688957233524,0.8833444258344909,74.91486946651531,0.8421705365180969,True,True,0.04836071655154228,0.36820241808891296,0.055786292999982834,0.8421705365180969,0.07547018676996231
no_token,/root/autodl-tmp/ecgtwin_prompt_token_super5/effectiveness_pilot_v42_task1gate_ningbo_no_token_large_20260504/no_token/ningbo/gated/gated_samples.npz,6,NORM,warning,aVR = -(I+II)/2 violated (residual=0.562),0.19898247338291825,0.5622597208576458,152.05913410770853,0.9275781512260437,True,True,0.013781320303678513,0.03298231214284897,0.09976683557033539,0.9275781512260437,0.08174239099025726
no_token,/root/autodl-tmp/ecgtwin_prompt_token_super5/effectiveness_pilot_v42_task1gate_ningbo_no_token_large_20260504/no_token/ningbo/gated/gated_samples.npz,7,NORM,warning,Einthoven II=I+III violated (residual=0.496)|aVR = -(I+II)/2 violated (residual=0.985),0.49563952517962334,0.9852330878782866,115.77752553916004,0.6003984212875366,True,True,0.011371348984539509,0.523537814617157,0.03911761939525604,0.6003984212875366,0.41387104988098145
no_token,/root/autodl-tmp/ecgtwin_prompt_token_super5/effectiveness_pilot_v42_task1gate_ningbo_no_token_large_20260504/no_token/ningbo/gated/gated_samples.npz,8,NORM,warning,large DC offset (|mean|>0.5): ['AVR']|Einthoven II=I+III violated (residual=0.392)|aVR = -(I+II)/2 violated (residual=0.800),0.3917874475493031,0.7997342860931332,152.82392026578074,0.9802287817001343,True,True,0.011833036318421364,0.02138184942305088,0.005404523108154535,0.9802287817001343,0.006168384570628405
no_token,/root/autodl-tmp/ecgtwin_prompt_token_super5/effectiveness_pilot_v42_task1gate_ningbo_no_token_large_20260504/no_token/ningbo/gated/gated_samples.npz,9,NORM,warning,Einthoven II=I+III violated (residual=0.221)|aVR = -(I+II)/2 violated (residual=0.575),0.221474178158958,0.5748949505264398,151.98237885462555,0.985034167766571,True,True,0.006443256512284279,0.01119101420044899,0.013732784427702427,0.985034167766571,0.01225808821618557
no_token,/root/autodl-tmp/ecgtwin_prompt_token_super5/effectiveness_pilot_v42_task1gate_ningbo_no_token_large_20260504/no_token/ningbo/gated/gated_samples.npz,10,NORM,warning,Einthoven II=I+III violated (residual=0.232)|aVR = -(I+II)/2 violated (residual=0.574),0.23170380499815035,0.5736882326097059,152.48618784530385,0.988778829574585,True,True,0.015116728842258453,0.024564532563090324,0.0031825138721615076,0.988778829574585,0.023735392838716507
no_token,/root/autodl-tmp/ecgtwin_prompt_token_super5/effectiveness_pilot_v42_task1gate_ningbo_no_token_large_20260504/no_token/ningbo/gated/gated_samples.npz,11,NORM,warning,Einthoven II=I+III violated (residual=0.286)|aVR = -(I+II)/2 violated (residual=0.666),0.2861857012115742,0.6659245843041043,75.08532423208192,0.9445366859436035,True,True,0.2638700008392334,0.07297611236572266,0.006113030947744846,0.9445366859436035,0.011154990643262863
no_token,/root/autodl-tmp/ecgtwin_prompt_token_super5/effectiveness_pilot_v42_task1gate_ningbo_no_token_large_20260504/no_token/ningbo/gated/gated_samples.npz,12,NORM,warning,Einthoven II=I+III violated (residual=0.307)|aVR = -(I+II)/2 violated (residual=0.700),0.3068403109079328,0.6998229462411907,126.1061946902655,0.8661967515945435,True,True,0.21860294044017792,0.33381223678588867,0.0067561957985162735,0.8661967515945435,0.03750059753656387
no_token,/root/autodl-tmp/ecgtwin_prompt_token_super5/effectiveness_pilot_v42_task1gate_ningbo_no_token_large_20260504/no_token/ningbo/gated/gated_samples.npz,13,NORM,warning,aVR = -(I+II)/2 violated (residual=0.463),0.17399727649720498,0.4628819965882693,149.843912591051,0.9638445377349854,True,True,0.057780809700489044,0.009661229327321053,0.001263421610929072,0.9638445377349854,0.023742608726024628
no_token,/root/autodl-tmp/ecgtwin_prompt_token_super5/effectiveness_pilot_v42_task1gate_ningbo_no_token_large_20260504/no_token/ningbo/gated/gated_samples.npz,14,NORM,warning,large DC offset (|mean|>0.5): ['AVR']|Einthoven II=I+III violated (residual=0.335)|aVR = -(I+II)/2 violated (residual=0.737),0.33498082787708316,0.7365151653605287,152.65486725663717,0.9586595892906189,True,True,0.05492798611521721,0.04245102405548096,0.001969769364222884,0.9586595892906189,0.014854004606604576
no_token,/root/autodl-tmp/ecgtwin_prompt_token_super5/effectiveness_pilot_v42_task1gate_ningbo_no_token_large_20260504/no_token/ningbo/gated/gated_samples.npz,15,NORM,pass,,0.03431626384776445,0.1142534687093016,146.1794019933555,0.8932167887687683,True,True,0.16709990799427032,0.03394526243209839,0.022003695368766785,0.8932167887687683,0.23025035858154297
no_token,/root/autodl-tmp/ecgtwin_prompt_token_super5/effectiveness_pilot_v42_task1gate_ningbo_no_token_large_20260504/no_token/ningbo/gated/gated_samples.npz,16,NORM,warning,Einthoven II=I+III violated (residual=0.281)|aVR = -(I+II)/2 violated (residual=0.744),0.2805716015783012,0.7435993489898118,152.70413573700955,0.9599101543426514,True,True,0.29546138644218445,0.18041476607322693,0.011042600497603416,0.9599101543426514,0.010572393424808979
no_token,/root/autodl-tmp/ecgtwin_prompt_token_super5/effectiveness_pilot_v42_task1gate_ningbo_no_token_large_20260504/no_token/ningbo/gated/gated_samples.npz,17,NORM,pass,,0.07098867859055995,0.18474686634220158,151.98237885462555,0.9691489338874817,True,True,0.001852178480476141,0.0424015112221241,0.0022889431565999985,0.9691489338874817,0.1593642234802246
no_token,/root/autodl-tmp/ecgtwin_prompt_token_super5/effectiveness_pilot_v42_task1gate_ningbo_no_token_large_20260504/no_token/ningbo/gated/gated_samples.npz,18,NORM,warning,Einthoven II=I+III violated (residual=0.417)|aVR = -(I+II)/2 violated (residual=0.868),0.41733534673246425,0.8681405932257584,152.48618784530385,0.9215422868728638,True,True,0.021948331966996193,0.5280603766441345,0.00228501227684319,0.9215422868728638,0.02402748167514801
no_token,/root/autodl-tmp/ecgtwin_prompt_token_super5/effectiveness_pilot_v42_task1gate_ningbo_no_token_large_20260504/no_token/ningbo/gated/gated_samples.npz,19,NORM,warning,Einthoven II=I+III violated (residual=0.312)|aVR = -(I+II)/2 violated (residual=0.715),0.3119980963757748,0.7148904489251154,150.15641293013556,0.843315839767456,True,True,0.3174186050891876,0.3762294054031372,0.002904023276641965,0.843315839767456,0.027126161381602287
no_token,/root/autodl-tmp/ecgtwin_prompt_token_super5/effectiveness_pilot_v42_task1gate_ningbo_no_token_large_20260504/no_token/ningbo/gated/gated_samples.npz,20,NORM,warning,Einthoven II=I+III violated (residual=0.259)|aVR = -(I+II)/2 violated (residual=0.638),0.25899715600712203,0.6379192092136191,150.15641293013556,0.899173378944397,True,True,0.002254799474030733,0.1342400759458542,0.007910329848527908,0.899173378944397,0.20681197941303253
no_token,/root/autodl-tmp/ecgtwin_prompt_token_super5/effectiveness_pilot_v42_task1gate_ningbo_no_token_large_20260504/no_token/ningbo/gated/gated_samples.npz,21,NORM,warning,aVR = -(I+II)/2 violated (residual=0.377),0.09762195427096128,0.3765880662037315,152.31788079470198,0.49603474140167236,False,False,0.7284761667251587,0.7773900628089905,0.01327651645988226,0.49603474140167236,0.05132976174354553
no_token,/root/autodl-tmp/ecgtwin_prompt_token_super5/effectiveness_pilot_v42_task1gate_ningbo_no_token_large_20260504/no_token/ningbo/gated/gated_samples.npz,22,NORM,warning,Einthoven II=I+III violated (residual=0.414)|aVR = -(I+II)/2 violated (residual=0.844),0.414153060870483,0.8437545753957402,152.48618784530385,0.9210370182991028,True,True,0.0062842415645718575,0.44248902797698975,0.003891285276040435,0.9210370182991028,0.09963837265968323
no_token,/root/autodl-tmp/ecgtwin_prompt_token_super5/effectiveness_pilot_v42_task1gate_ningbo_no_token_large_20260504/no_token/ningbo/gated/gated_samples.npz,23,NORM,warning,Einthoven II=I+III violated (residual=0.471)|aVR = -(I+II)/2 violated (residual=0.984),0.47135112874793134,0.9841500212788569,129.39841089670827,0.8746743202209473,True,True,0.11121726781129837,0.2374752014875412,0.05493362620472908,0.8746743202209473,0.022193726152181625
no_token,/root/autodl-tmp/ecgtwin_prompt_token_super5/effectiveness_pilot_v42_task1gate_ningbo_no_token_large_20260504/no_token/ningbo/gated/gated_samples.npz,24,NORM,warning,Einthoven II=I+III violated (residual=0.326)|aVR = -(I+II)/2 violated (residual=0.762),0.32636977839304593,0.7621564992662018,81.81818181818181,0.9805800318717957,True,True,0.010745218954980373,0.1357504278421402,0.0017204972682520747,0.9805800318717957,0.007307044696062803
no_token,/root/autodl-tmp/ecgtwin_prompt_token_super5/effectiveness_pilot_v42_task1gate_ningbo_no_token_large_20260504/no_token/ningbo/gated/gated_samples.npz,25,NORM,warning,Einthoven II=I+III violated (residual=0.338)|aVR = -(I+II)/2 violated (residual=0.882),0.338392301923151,0.8819579705966498,152.48618784530385,0.653669536113739,True,True,0.0066072819754481316,0.03778810426592827,0.05179813876748085,0.653669536113739,0.5942086577415466
no_token,/root/autodl-tmp/ecgtwin_prompt_token_super5/effectiveness_pilot_v42_task1gate_ningbo_no_token_large_20260504/no_token/ningbo/gated/gated_samples.npz,26,NORM,warning,large DC offset (|mean|>0.5): ['AVR']|Einthoven II=I+III violated (residual=0.292)|aVR = -(I+II)/2 violated (residual=0.683),0.29174596010933607,0.6834687379315958,75.08532423208192,0.9921167492866516,True,True,0.0064202263019979,0.01327386125922203,0.0004469156265258789,0.9921167492866516,0.0031653575133532286
no_token,/root/autodl-tmp/ecgtwin_prompt_token_super5/effectiveness_pilot_v42_task1gate_ningbo_no_token_large_20260504/no_token/ningbo/gated/gated_samples.npz,27,NORM,pass,,0.027069943003400803,0.0609020932697996,158.41584158415841,0.8204460740089417,True,True,0.014527671039104462,0.10860840231180191,0.08701504021883011,0.8204460740089417,0.3551385998725891
no_token,/root/autodl-tmp/ecgtwin_prompt_token_super5/effectiveness_pilot_v42_task1gate_ningbo_no_token_large_20260504/no_token/ningbo/gated/gated_samples.npz,28,NORM,warning,Einthoven II=I+III violated (residual=0.206)|aVR = -(I+II)/2 violated (residual=0.532),0.2058466860240753,0.532306437042178,152.31788079470198,0.9640779495239258,True,True,0.0029059264343231916,0.08169783651828766,0.005385862197726965,0.9640779495239258,0.030924351885914803
no_token,/root/autodl-tmp/ecgtwin_prompt_token_super5/effectiveness_pilot_v42_task1gate_ningbo_no_token_large_20260504/no_token/ningbo/gated/gated_samples.npz,29,NORM,warning,Einthoven II=I+III violated (residual=0.313)|aVR = -(I+II)/2 violated (residual=0.708),0.31266658752655946,0.708096026405614,152.48618784530385,0.9808037877082825,True,True,0.004074815660715103,0.03535366430878639,0.0031318734399974346,0.9808037877082825,0.03608851879835129
no_token,/root/autodl-tmp/ecgtwin_prompt_token_super5/effectiveness_pilot_v42_task1gate_ningbo_no_token_large_20260504/no_token/ningbo/gated/gated_samples.npz,30,NORM,warning,Einthoven II=I+III violated (residual=0.237)|aVR = -(I+II)/2 violated (residual=0.498),0.23665893092073148,0.4984587831128876,100.0,0.8312915563583374,True,True,0.1999814212322235,0.48821818828582764,0.0041611408814787865,0.8312915563583374,0.03213481232523918
no_token,/root/autodl-tmp/ecgtwin_prompt_token_super5/effectiveness_pilot_v42_task1gate_ningbo_no_token_large_20260504/no_token/ningbo/gated/gated_samples.npz,31,NORM,warning,Einthoven II=I+III violated (residual=0.413)|aVR = -(I+II)/2 violated (residual=0.997),0.4127532523676407,0.9970941746681741,152.31788079470198,0.8316824436187744,True,True,0.015021074563264847,0.3569839894771576,0.05495699867606163,0.8316824436187744,0.26902222633361816
no_token,/root/autodl-tmp/ecgtwin_prompt_token_super5/effectiveness_pilot_v42_task1gate_ningbo_no_token_large_20260504/no_token/ningbo/gated/gated_samples.npz,32,NORM,warning,Einthoven II=I+III violated (residual=0.228)|aVR = -(I+II)/2 violated (residual=0.569),0.2277618329609815,0.568608713676715,150.15641293013556,0.9605557322502136,True,True,0.013580558821558952,0.23453472554683685,0.0031275323126465082,0.9605557322502136,0.026332799345254898
no_token,/root/autodl-tmp/ecgtwin_prompt_token_super5/effectiveness_pilot_v42_task1gate_ningbo_no_token_large_20260504/no_token/ningbo/gated/gated_samples.npz,33,NORM,warning,aVR = -(I+II)/2 violated (residual=0.526),0.18361081338609714,0.5261776755770079,152.31788079470198,0.8457436561584473,True,True,0.031758975237607956,0.010976558551192284,0.29748278856277466,0.8457436561584473,0.017119375988841057
no_token,/root/autodl-tmp/ecgtwin_prompt_token_super5/effectiveness_pilot_v42_task1gate_ningbo_no_token_large_20260504/no_token/ningbo/gated/gated_samples.npz,34,NORM,warning,aVR = -(I+II)/2 violated (residual=0.347),0.14022566901224595,0.34676857482522744,152.14994487320837,0.9628602266311646,True,True,0.0022893808782100677,0.08608679473400116,0.006974239367991686,0.9628602266311646,0.1537424772977829
no_token,/root/autodl-tmp/ecgtwin_prompt_token_super5/effectiveness_pilot_v42_task1gate_ningbo_no_token_large_20260504/no_token/ningbo/gated/gated_samples.npz,35,NORM,warning,Einthoven II=I+III violated (residual=0.314)|aVR = -(I+II)/2 violated (residual=0.693),0.3143329774178917,0.6930502974357734,83.04498269896195,0.8722013831138611,True,True,0.04075499251484871,0.4872311055660248,0.0068994187749922276,0.8722013831138611,0.0414983406662941
no_token,/root/autodl-tmp/ecgtwin_prompt_token_super5/effectiveness_pilot_v42_task1gate_ningbo_no_token_large_20260504/no_token/ningbo/gated/gated_samples.npz,36,NORM,warning,Einthoven II=I+III violated (residual=0.228)|aVR = -(I+II)/2 violated (residual=0.503),0.228460072480718,0.5032262813763055,145.37444933920705,0.7616302967071533,False,True,0.009814667515456676,0.8697881102561951,0.0009025330655276775,0.7616302967071533,0.2572331726551056
no_token,/root/autodl-tmp/ecgtwin_prompt_token_super5/effectiveness_pilot_v42_task1gate_ningbo_no_token_large_20260504/no_token/ningbo/gated/gated_samples.npz,37,NORM,warning,Einthoven II=I+III violated (residual=0.299)|aVR = -(I+II)/2 violated (residual=0.693),0.29887609949055266,0.6931663592600857,152.14994487320837,0.9558444023132324,True,True,0.09592021256685257,0.023723408579826355,0.00665617547929287,0.9558444023132324,0.033133506774902344
no_token,/root/autodl-tmp/ecgtwin_prompt_token_super5/effectiveness_pilot_v42_task1gate_ningbo_no_token_large_20260504/no_token/ningbo/gated/gated_samples.npz,38,NORM,warning,Einthoven II=I+III violated (residual=0.374)|aVR = -(I+II)/2 violated (residual=0.872),0.3741999975731231,0.8718907779333439,122.58796821793416,0.9420158863067627,True,True,0.09278629720211029,0.06005178391933441,0.03230081871151924,0.9420158863067627,0.017933756113052368
no_token,/root/autodl-tmp/ecgtwin_prompt_token_super5/effectiveness_pilot_v42_task1gate_ningbo_no_token_large_20260504/no_token/ningbo/gated/gated_samples.npz,39,NORM,warning,Einthoven II=I+III violated (residual=0.250)|aVR = -(I+II)/2 violated (residual=0.607),0.2504107673391393,0.6072508202866512,75.0,0.8858965039253235,True,True,0.036327388137578964,0.6470670700073242,0.0005027053412050009,0.8858965039253235,0.04282033070921898
no_token,/root/autodl-tmp/ecgtwin_prompt_token_super5/effectiveness_pilot_v42_task1gate_ningbo_no_token_large_20260504/no_token/ningbo/gated/gated_samples.npz,40,NORM,warning,Einthoven II=I+III violated (residual=0.246)|aVR = -(I+II)/2 violated (residual=0.596),0.24642276611791772,0.5959724612550179,152.31788079470198,0.8383840322494507,True,True,0.002749395789578557,0.4650818109512329,0.0073995632119476795,0.8383840322494507,0.15680518746376038
no_token,/root/autodl-tmp/ecgtwin_prompt_token_super5/effectiveness_pilot_v42_task1gate_ningbo_no_token_large_20260504/no_token/ningbo/gated/gated_samples.npz,41,NORM,warning,Einthoven II=I+III violated (residual=0.280)|aVR = -(I+II)/2 violated (residual=0.696),0.28026517275493823,0.6958914918449798,152.31788079470198,0.9567406177520752,True,True,0.0219874307513237,0.09933747351169586,0.002401079749688506,0.9567406177520752,0.011616097763180733
no_token,/root/autodl-tmp/ecgtwin_prompt_token_super5/effectiveness_pilot_v42_task1gate_ningbo_no_token_large_20260504/no_token/ningbo/gated/gated_samples.npz,42,NORM,warning,Einthoven II=I+III violated (residual=0.250)|aVR = -(I+II)/2 violated (residual=0.565),0.2504870767652664,0.5645159756942656,152.70413573700955,0.9790438413619995,True,True,0.0065549989230930805,0.023292776197195053,0.014227821491658688,0.9790438413619995,0.007686210796236992
no_token,/root/autodl-tmp/ecgtwin_prompt_token_super5/effectiveness_pilot_v42_task1gate_ningbo_no_token_large_20260504/no_token/ningbo/gated/gated_samples.npz,43,NORM,warning,Einthoven II=I+III violated (residual=0.360)|aVR = -(I+II)/2 violated (residual=0.832),0.3598651560406868,0.8322671717647374,106.36079249217936,0.9588518142700195,True,True,0.030725333839654922,0.2347782403230667,0.0014228473883122206,0.9588518142700195,0.005409774836152792
no_token,/root/autodl-tmp/ecgtwin_prompt_token_super5/effectiveness_pilot_v42_task1gate_ningbo_no_token_large_20260504/no_token/ningbo/gated/gated_samples.npz,44,NORM,warning,Einthoven II=I+III violated (residual=0.415)|aVR = -(I+II)/2 violated (residual=0.930),0.41476914682901306,0.9300771524996161,75.0,0.41140466928482056,False,False,0.004648943431675434,0.21753984689712524,0.19897335767745972,0.41140466928482056,0.7306469082832336
no_token,/root/autodl-tmp/ecgtwin_prompt_token_super5/effectiveness_pilot_v42_task1gate_ningbo_no_token_large_20260504/no_token/ningbo/gated/gated_samples.npz,45,NORM,warning,Einthoven II=I+III violated (residual=0.331)|aVR = -(I+II)/2 violated (residual=0.774),0.33096904557614193,0.7741809323128579,81.63265306122449,0.9430282711982727,True,True,0.09351813048124313,0.08442362397909164,0.006010383367538452,0.9430282711982727,0.010681414976716042
no_token,/root/autodl-tmp/ecgtwin_prompt_token_super5/effectiveness_pilot_v42_task1gate_ningbo_no_token_large_20260504/no_token/ningbo/gated/gated_samples.npz,46,NORM,warning,aVR = -(I+II)/2 violated (residual=0.354),0.11641197294119146,0.35377561798594515,137.64337851929093,0.868003785610199,True,True,0.059285424649715424,0.22232352197170258,0.020012173801660538,0.868003785610199,0.04691353067755699
no_token,/root/autodl-tmp/ecgtwin_prompt_token_super5/effectiveness_pilot_v42_task1gate_ningbo_no_token_large_20260504/no_token/ningbo/gated/gated_samples.npz,47,NORM,warning,aVR = -(I+II)/2 violated (residual=0.491),0.18547639858744458,0.4912465168810378,152.14994487320837,0.9597354531288147,True,True,0.003913693130016327,0.21764609217643738,0.001963839866220951,0.9597354531288147,0.033045537769794464
no_token,/root/autodl-tmp/ecgtwin_prompt_token_super5/effectiveness_pilot_v42_task1gate_ningbo_no_token_large_20260504/no_token/ningbo/gated/gated_samples.npz,48,NORM,warning,aVR = -(I+II)/2 violated (residual=0.415),0.19363795570243156,0.4145251403949369,152.31788079470198,0.9902409315109253,True,True,0.00408553471788764,0.010138682089745998,0.00963668804615736,0.9902409315109253,0.007203258108347654
no_token,/root/autodl-tmp/ecgtwin_prompt_token_super5/effectiveness_pilot_v42_task1gate_ningbo_no_token_large_20260504/no_token/ningbo/gated/gated_samples.npz,49,NORM,warning,Einthoven II=I+III violated (residual=0.321)|aVR = -(I+II)/2 violated (residual=0.766),0.3209556101246532,0.7655235688433228,81.91126279863482,0.9832161068916321,True,True,0.013253954239189625,0.11130772531032562,0.0009474552352912724,0.9832161068916321,0.016813883557915688
no_token,/root/autodl-tmp/ecgtwin_prompt_token_super5/effectiveness_pilot_v42_task1gate_ningbo_no_token_large_20260504/no_token/ningbo/gated/gated_samples.npz,50,NORM,warning,Einthoven II=I+III violated (residual=0.275)|aVR = -(I+II)/2 violated (residual=0.685),0.27506401919799395,0.6853296827094413,151.98237885462555,0.9800454378128052,True,True,0.007955368608236313,0.0428832471370697,0.0002968953631352633,0.9800454378128052,0.017438571900129318
no_token,/root/autodl-tmp/ecgtwin_prompt_token_super5/effectiveness_pilot_v42_task1gate_ningbo_no_token_large_20260504/no_token/ningbo/gated/gated_samples.npz,51,NORM,warning,aVR = -(I+II)/2 violated (residual=0.465),0.17899643149306754,0.46517575564316477,143.34470989761093,0.9863542914390564,True,True,0.0019024123903363943,0.04184313490986824,0.00012556002184282988,0.9863542914390564,0.06351073086261749
no_token,/root/autodl-tmp/ecgtwin_prompt_token_super5/effectiveness_pilot_v42_task1gate_ningbo_no_token_large_20260504/no_token/ningbo/gated/gated_samples.npz,52,NORM,warning,aVR = -(I+II)/2 violated (residual=0.497),0.18773141636771495,0.49696205616736316,152.31788079470198,0.9928463101387024,True,True,0.0018986560171470046,0.031398992985486984,0.0009302477701567113,0.9928463101387024,0.004922790918499231
no_token,/root/autodl-tmp/ecgtwin_prompt_token_super5/effectiveness_pilot_v42_task1gate_ningbo_no_token_large_20260504/no_token/ningbo/gated/gated_samples.npz,53,NORM,pass,,0.06906756172927021,0.25108066734148454,152.21987315010568,0.8989619016647339,True,True,0.30526816844940186,0.023069508373737335,0.03690492361783981,0.8989619016647339,0.0654512345790863
no_token,/root/autodl-tmp/ecgtwin_prompt_token_super5/effectiveness_pilot_v42_task1gate_ningbo_no_token_large_20260504/no_token/ningbo/gated/gated_samples.npz,54,NORM,warning,Einthoven II=I+III violated (residual=0.222)|aVR = -(I+II)/2 violated (residual=0.556),0.22246297861042927,0.5561113916280831,152.48618784530385,0.966421365737915,True,True,0.06781738251447678,0.07695033401250839,0.01841750741004944,0.966421365737915,0.02190556935966015
no_token,/root/autodl-tmp/ecgtwin_prompt_token_super5/effectiveness_pilot_v42_task1gate_ningbo_no_token_large_20260504/no_token/ningbo/gated/gated_samples.npz,55,NORM,pass,,0.03454963659430179,0.11107287194247646,152.31788079470198,0.9796442985534668,True,True,0.0040848697535693645,0.006043456494808197,0.004990488290786743,0.9796442985534668,0.00685160281136632
no_token,/root/autodl-tmp/ecgtwin_prompt_token_super5/effectiveness_pilot_v42_task1gate_ningbo_no_token_large_20260504/no_token/ningbo/gated/gated_samples.npz,56,NORM,warning,Einthoven II=I+III violated (residual=0.269)|aVR = -(I+II)/2 violated (residual=0.635),0.2691448335132099,0.6348700075231277,152.14994487320837,0.9685759544372559,True,True,0.0765019878745079,0.011158577166497707,0.005383349489420652,0.9685759544372559,0.007442773319780827
no_token,/root/autodl-tmp/ecgtwin_prompt_token_super5/effectiveness_pilot_v42_task1gate_ningbo_no_token_large_20260504/no_token/ningbo/gated/gated_samples.npz,57,NORM,warning,Einthoven II=I+III violated (residual=0.333)|aVR = -(I+II)/2 violated (residual=0.790),0.3325434291026503,0.7904969232983393,132.5966850828729,0.9269292950630188,True,True,0.011115066707134247,0.5428817272186279,0.011652669869363308,0.9269292950630188,0.04603605717420578
no_token,/root/autodl-tmp/ecgtwin_prompt_token_super5/effectiveness_pilot_v42_task1gate_ningbo_no_token_large_20260504/no_token/ningbo/gated/gated_samples.npz,58,NORM,warning,Einthoven II=I+III violated (residual=0.272)|aVR = -(I+II)/2 violated (residual=0.688),0.27216286350680813,0.6880776742940582,150.15641293013556,0.5465073585510254,False,True,0.01093282550573349,0.11025794595479965,0.26753586530685425,0.5465073585510254,0.7483895421028137
no_token,/root/autodl-tmp/ecgtwin_prompt_token_super5/effectiveness_pilot_v42_task1gate_ningbo_no_token_large_20260504/no_token/ningbo/gated/gated_samples.npz,59,NORM,warning,Einthoven II=I+III violated (residual=0.227)|aVR = -(I+II)/2 violated (residual=0.564),0.22724236313868643,0.5642985837988905,152.31788079470198,0.9404862523078918,True,True,0.0123085742816329,0.18201778829097748,0.006217576563358307,0.9404862523078918,0.010292035527527332
no_token,/root/autodl-tmp/ecgtwin_prompt_token_super5/effectiveness_pilot_v42_task1gate_ningbo_no_token_large_20260504/no_token/ningbo/gated/gated_samples.npz,60,NORM,warning,Einthoven II=I+III violated (residual=0.357)|aVR = -(I+II)/2 violated (residual=0.830),0.3566916156874221,0.8303312231995447,152.48618784530385,0.793925404548645,True,True,0.1199219599366188,0.600722074508667,0.010444574058055878,0.793925404548645,0.03597865626215935
no_token,/root/autodl-tmp/ecgtwin_prompt_token_super5/effectiveness_pilot_v42_task1gate_ningbo_no_token_large_20260504/no_token/ningbo/gated/gated_samples.npz,61,NORM,warning,aVR = -(I+II)/2 violated (residual=0.401),0.15032365530780367,0.401360303356051,152.54237288135593,0.3295958340167999,False,False,0.964038074016571,0.3548622131347656,0.024750802665948868,0.3295958340167999,0.1896655410528183
no_token,/root/autodl-tmp/ecgtwin_prompt_token_super5/effectiveness_pilot_v42_task1gate_ningbo_no_token_large_20260504/no_token/ningbo/gated/gated_samples.npz,62,NORM,warning,aVR = -(I+II)/2 violated (residual=0.397),0.1473193562618714,0.39681695252827365,152.14994487320837,0.9833706617355347,True,True,0.0027523809112608433,0.04445580393075943,0.006372634321451187,0.9833706617355347,0.004615971818566322
no_token,/root/autodl-tmp/ecgtwin_prompt_token_super5/effectiveness_pilot_v42_task1gate_ningbo_no_token_large_20260504/no_token/ningbo/gated/gated_samples.npz,63,NORM,warning,Einthoven II=I+III violated (residual=0.366)|aVR = -(I+II)/2 violated (residual=0.913),0.366371103755546,0.9128557504443536,75.0,0.8642886281013489,True,True,0.160240039229393,0.16829432547092438,0.06379964202642441,0.8642886281013489,0.029753539711236954
v4_balanced_token,/root/autodl-tmp/ecgtwin_prompt_token_super5/generated_pool_v4_merged_balanced/ningbo/gated/gated_samples.npz,0,NORM,warning,aVR = -(I+II)/2 violated (residual=0.394),0.1253801513661747,0.39388845500454706,145.11041009463722,0.9842154383659363,True,True,0.03639359399676323,0.00514107383787632,0.009824845008552074,0.9842154383659363,0.0016704162117093801
v4_balanced_token,/root/autodl-tmp/ecgtwin_prompt_token_super5/generated_pool_v4_merged_balanced/ningbo/gated/gated_samples.npz,1,NORM,pass,,0.022500876903219596,0.028139907856224868,146.1794019933555,0.7976686954498291,True,True,0.48803117871284485,0.21899351477622986,0.019910549744963646,0.7976686954498291,0.12440812587738037
v4_balanced_token,/root/autodl-tmp/ecgtwin_prompt_token_super5/generated_pool_v4_merged_balanced/ningbo/gated/gated_samples.npz,2,NORM,pass,,0.08279267357457631,0.15190962547428044,105.26315789473685,0.9776232838630676,True,True,0.006122981198132038,0.01921902224421501,0.006949449889361858,0.9776232838630676,0.009367590770125389
v4_balanced_token,/root/autodl-tmp/ecgtwin_prompt_token_super5/generated_pool_v4_merged_balanced/ningbo/gated/gated_samples.npz,3,NORM,pass,,0.0901265119541474,0.259541699238002,123.14709236031928,0.9728603363037109,True,True,0.013133954256772995,0.12916284799575806,0.0012271407758817077,0.9728603363037109,0.009320846758782864
v4_balanced_token,/root/autodl-tmp/ecgtwin_prompt_token_super5/generated_pool_v4_merged_balanced/ningbo/gated/gated_samples.npz,4,NORM,warning,aVR = -(I+II)/2 violated (residual=0.320),0.12511735529674906,0.319902990260156,119.57796014067996,0.9631639719009399,True,True,0.009856355376541615,0.20488502085208893,0.0012571070110425353,0.9631639719009399,0.018176278099417686
v4_balanced_token,/root/autodl-tmp/ecgtwin_prompt_token_super5/generated_pool_v4_merged_balanced/ningbo/gated/gated_samples.npz,5,NORM,pass,,0.08699364325687443,0.20516776414269258,132.3529411764706,0.9144220352172852,True,True,0.09166637808084488,0.3684212267398834,0.0013817804865539074,0.9144220352172852,0.06428606808185577
v4_balanced_token,/root/autodl-tmp/ecgtwin_prompt_token_super5/generated_pool_v4_merged_balanced/ningbo/gated/gated_samples.npz,6,NORM,pass,,0.04695897621995651,0.2017921268365321,111.353711790393,0.9902348518371582,True,True,0.006745369639247656,0.0057807969860732555,0.001510673202574253,0.9902348518371582,0.0029981278348714113
v4_balanced_token,/root/autodl-tmp/ecgtwin_prompt_token_super5/generated_pool_v4_merged_balanced/ningbo/gated/gated_samples.npz,7,NORM,warning,aVR = -(I+II)/2 violated (residual=0.306),0.11839896197261289,0.30621601532640563,76.35206786850478,0.9773526191711426,True,True,0.05778510868549347,0.0749514251947403,0.0036751427687704563,0.9773526191711426,0.009452209807932377
v4_balanced_token,/root/autodl-tmp/ecgtwin_prompt_token_super5/generated_pool_v4_merged_balanced/ningbo/gated/gated_samples.npz,8,NORM,warning,aVR = -(I+II)/2 violated (residual=0.462),0.15730694880213372,0.462078207877887,133.33333333333331,0.9073889255523682,True,True,0.202957883477211,0.14577217400074005,0.04023303464055061,0.9073889255523682,0.02527480386197567
v4_balanced_token,/root/autodl-tmp/ecgtwin_prompt_token_super5/generated_pool_v4_merged_balanced/ningbo/gated/gated_samples.npz,9,NORM,warning,aVR = -(I+II)/2 violated (residual=0.433),0.13481486691983174,0.4329508143246598,74.53416149068323,0.9340893626213074,True,True,0.2998241186141968,0.16929100453853607,0.0076866839081048965,0.9340893626213074,0.010221971198916435
v4_balanced_token,/root/autodl-tmp/ecgtwin_prompt_token_super5/generated_pool_v4_merged_balanced/ningbo/gated/gated_samples.npz,10,NORM,warning,aVR = -(I+II)/2 violated (residual=0.412),0.15214840512474764,0.41153323070479125,57.87781350482315,0.6687365174293518,True,True,0.07576538622379303,0.6640984416007996,0.011322420090436935,0.6687365174293518,0.11174621433019638
v4_balanced_token,/root/autodl-tmp/ecgtwin_prompt_token_super5/generated_pool_v4_merged_balanced/ningbo/gated/gated_samples.npz,11,NORM,pass,,0.055380381380430194,0.14520465986634615,92.78350515463919,0.9424259662628174,True,True,0.02570449188351631,0.0648326724767685,0.09059590101242065,0.9424259662628174,0.020658284425735474
v4_balanced_token,/root/autodl-tmp/ecgtwin_prompt_token_super5/generated_pool_v4_merged_balanced/ningbo/gated/gated_samples.npz,12,NORM,pass,,0.05972552385067002,0.1635585021686461,87.4439461883408,0.9429450631141663,True,True,0.21587640047073364,0.027858754619956017,0.017226552590727806,0.9429450631141663,0.014349664561450481
v4_balanced_token,/root/autodl-tmp/ecgtwin_prompt_token_super5/generated_pool_v4_merged_balanced/ningbo/gated/gated_samples.npz,13,NORM,warning,aVR = -(I+II)/2 violated (residual=0.509),0.1731298743072357,0.5093286724506112,107.25552050473186,0.9280745387077332,True,True,0.009167122654616833,0.2698589265346527,0.006935895420610905,0.9280745387077332,0.03527815639972687
v4_balanced_token,/root/autodl-tmp/ecgtwin_prompt_token_super5/generated_pool_v4_merged_balanced/ningbo/gated/gated_samples.npz,14,NORM,pass,,0.06579261383089025,0.19973826330142888,79.04191616766468,0.9802051186561584,True,True,0.011411650106310844,0.07375190407037735,0.002180296927690506,0.9802051186561584,0.01160899456590414
v4_balanced_token,/root/autodl-tmp/ecgtwin_prompt_token_super5/generated_pool_v4_merged_balanced/ningbo/gated/gated_samples.npz,15,NORM,warning,aVR = -(I+II)/2 violated (residual=0.419),0.12808781181687104,0.4194465485688998,150.81967213114754,0.9315404891967773,True,True,0.05093524977564812,0.22693662345409393,0.00335038173943758,0.9315404891967773,0.01735059916973114
v4_balanced_token,/root/autodl-tmp/ecgtwin_prompt_token_super5/generated_pool_v4_merged_balanced/ningbo/gated/gated_samples.npz,16,NORM,warning,Einthoven II=I+III violated (residual=0.312)|aVR = -(I+II)/2 violated (residual=0.949),0.31213618342791905,0.9490151824450025,118.42105263157896,0.8631694912910461,True,True,0.022788111120462418,0.5505602359771729,0.0021583798807114363,0.8631694912910461,0.08820296823978424
v4_balanced_token,/root/autodl-tmp/ecgtwin_prompt_token_super5/generated_pool_v4_merged_balanced/ningbo/gated/gated_samples.npz,17,NORM,pass,,0.08786804810373042,0.08662030458787076,113.08203991130821,0.973874032497406,True,True,0.007811263203620911,0.025562195107340813,0.019097143784165382,0.973874032497406,0.018242960795760155
v4_balanced_token,/root/autodl-tmp/ecgtwin_prompt_token_super5/generated_pool_v4_merged_balanced/ningbo/gated/gated_samples.npz,18,NORM,pass,,0.09705471782099127,0.18811417540212516,132.07547169811323,0.8858215808868408,True,True,0.16088217496871948,0.00773225212469697,0.03885717689990997,0.8858215808868408,0.009295089170336723
v4_balanced_token,/root/autodl-tmp/ecgtwin_prompt_token_super5/generated_pool_v4_merged_balanced/ningbo/gated/gated_samples.npz,19,NORM,pass,,0.09253737889699877,0.23164482216319818,160.46511627906978,0.9105972647666931,True,True,0.5895258784294128,0.02926107868552208,0.04126961901783943,0.9105972647666931,0.00912155956029892
v4_balanced_token,/root/autodl-tmp/ecgtwin_prompt_token_super5/generated_pool_v4_merged_balanced/ningbo/gated/gated_samples.npz,20,NORM,warning,Einthoven II=I+III violated (residual=0.242)|aVR = -(I+II)/2 violated (residual=0.711),0.2415925238243298,0.7110554074580323,148.40989399293287,0.9623388051986694,True,True,0.011654279194772243,0.048033520579338074,0.05202063173055649,0.9623388051986694,0.03386768698692322
v4_balanced_token,/root/autodl-tmp/ecgtwin_prompt_token_super5/generated_pool_v4_merged_balanced/ningbo/gated/gated_samples.npz,21,NORM,pass,,0.11960373097537988,0.24183779492973742,85.71428571428572,0.9598066210746765,True,True,0.061672523617744446,0.021065862849354744,0.0074175200425088406,0.9598066210746765,0.016080202534794807
v4_balanced_token,/root/autodl-tmp/ecgtwin_prompt_token_super5/generated_pool_v4_merged_balanced/ningbo/gated/gated_samples.npz,22,NORM,pass,,0.0880729659173657,0.29278814144230625,150.1632208922742,0.8944581747055054,True,True,0.12812748551368713,0.04628105089068413,0.09862420707941055,0.8944581747055054,0.052887678146362305
v4_balanced_token,/root/autodl-tmp/ecgtwin_prompt_token_super5/generated_pool_v4_merged_balanced/ningbo/gated/gated_samples.npz,23,NORM,warning,aVR = -(I+II)/2 violated (residual=0.356),0.10885683396424299,0.3564550196192108,78.43137254901961,0.9855188131332397,True,True,0.026706736534833908,0.042781930416822433,0.0012920640874654055,0.9855188131332397,0.006227238569408655
v4_balanced_token,/root/autodl-tmp/ecgtwin_prompt_token_super5/generated_pool_v4_merged_balanced/ningbo/gated/gated_samples.npz,24,NORM,pass,,0.0756353422472107,0.23718172007631808,87.93686583990981,0.9534955620765686,True,True,0.20253229141235352,0.046303678303956985,0.030621197074651718,0.9534955620765686,0.014885001815855503
v4_balanced_token,/root/autodl-tmp/ecgtwin_prompt_token_super5/generated_pool_v4_merged_balanced/ningbo/gated/gated_samples.npz,25,NORM,pass,,0.049626487377323864,0.16352015456250557,131.86813186813188,0.9444118738174438,True,True,0.12344937026500702,0.04934508726000786,0.03592626005411148,0.9444118738174438,0.016461480408906937
v4_balanced_token,/root/autodl-tmp/ecgtwin_prompt_token_super5/generated_pool_v4_merged_balanced/ningbo/gated/gated_samples.npz,26,NORM,warning,aVR = -(I+II)/2 violated (residual=0.626),0.1954119217471352,0.6255050044857794,146.68218859138534,0.9711776375770569,True,True,0.03215019777417183,0.15367883443832397,0.0015710898442193866,0.9711776375770569,0.003339962800964713
v4_balanced_token,/root/autodl-tmp/ecgtwin_prompt_token_super5/generated_pool_v4_merged_balanced/ningbo/gated/gated_samples.npz,27,NORM,warning,Einthoven II=I+III violated (residual=0.225)|aVR = -(I+II)/2 violated (residual=0.656),0.22503587812942238,0.6561950565874606,74.4920993227991,0.6186345219612122,False,True,0.5379883646965027,0.6918560862541199,0.011721675284206867,0.6186345219612122,0.04493073374032974
v4_balanced_token,/root/autodl-tmp/ecgtwin_prompt_token_super5/generated_pool_v4_merged_balanced/ningbo/gated/gated_samples.npz,28,NORM,warning,aVR = -(I+II)/2 violated (residual=0.424),0.1405229317837509,0.4243888368464632,107.86516853932584,0.9212786555290222,True,True,0.06656304001808167,0.038173239678144455,0.04948315769433975,0.9212786555290222,0.05767083540558815
v4_balanced_token,/root/autodl-tmp/ecgtwin_prompt_token_super5/generated_pool_v4_merged_balanced/ningbo/gated/gated_samples.npz,29,NORM,pass,,0.07746158471272066,0.1230526049533716,134.98312710911136,0.5044719576835632,False,True,0.027286475524306297,0.08117139339447021,0.7910030484199524,0.5044719576835632,0.0184501763433218
v4_balanced_token,/root/autodl-tmp/ecgtwin_prompt_token_super5/generated_pool_v4_merged_balanced/ningbo/gated/gated_samples.npz,30,NORM,warning,Einthoven II=I+III violated (residual=0.213)|aVR = -(I+II)/2 violated (residual=0.609),0.21347376200712617,0.609337734679622,143.63438520130578,0.9735090732574463,True,True,0.007784100715070963,0.20329312980175018,0.0005790198338218033,0.9735090732574463,0.007937622256577015
v4_balanced_token,/root/autodl-tmp/ecgtwin_prompt_token_super5/generated_pool_v4_merged_balanced/ningbo/gated/gated_samples.npz,31,NORM,warning,Einthoven II=I+III violated (residual=0.208)|aVR = -(I+II)/2 violated (residual=0.622),0.20805860943732934,0.62204463538091,81.72531214528944,0.8832458257675171,True,True,0.032454002648591995,0.5515403747558594,0.003120994893833995,0.8832458257675171,0.02212049812078476
v4_balanced_token,/root/autodl-tmp/ecgtwin_prompt_token_super5/generated_pool_v4_merged_balanced/ningbo/gated/gated_samples.npz,32,NORM,warning,aVR = -(I+II)/2 violated (residual=0.358),0.15362909240914868,0.3579193146603181,139.1304347826087,0.9768564105033875,True,True,0.037528395652770996,0.04572106525301933,0.0012079955777153373,0.9768564105033875,0.007860145531594753
v4_balanced_token,/root/autodl-tmp/ecgtwin_prompt_token_super5/generated_pool_v4_merged_balanced/ningbo/gated/gated_samples.npz,33,NORM,pass,,0.048513212804120666,0.16676431149299523,144.1048034934498,0.9756237268447876,True,True,0.049361713230609894,0.07266172021627426,0.022234736010432243,0.9756237268447876,0.014455784112215042
v4_balanced_token,/root/autodl-tmp/ecgtwin_prompt_token_super5/generated_pool_v4_merged_balanced/ningbo/gated/gated_samples.npz,34,NORM,pass,,0.12324289235016976,0.29825199329820273,123.71134020618558,0.9214740991592407,True,True,0.008941634558141232,0.0654340460896492,0.021200083196163177,0.9214740991592407,0.16456258296966553
v4_balanced_token,/root/autodl-tmp/ecgtwin_prompt_token_super5/generated_pool_v4_merged_balanced/ningbo/gated/gated_samples.npz,35,NORM,pass,,0.13292766956449792,0.29863316433744985,129.62962962962962,0.9661029577255249,True,True,0.08364865928888321,0.013213200494647026,0.0048552509397268295,0.9661029577255249,0.006711739115417004
v4_balanced_token,/root/autodl-tmp/ecgtwin_prompt_token_super5/generated_pool_v4_merged_balanced/ningbo/gated/gated_samples.npz,36,NORM,pass,,0.07761036596282132,0.24299535869594796,74.07407407407408,0.9930374026298523,True,True,0.007029443513602018,0.024700377136468887,0.0011768271215260029,0.9930374026298523,0.0030593755654990673
v4_balanced_token,/root/autodl-tmp/ecgtwin_prompt_token_super5/generated_pool_v4_merged_balanced/ningbo/gated/gated_samples.npz,37,NORM,pass,,0.04062209192300745,0.02585430668394561,124.59016393442623,0.9703824520111084,True,True,0.04652607440948486,0.05070468783378601,0.011909852735698223,0.9703824520111084,0.016080006957054138
v4_balanced_token,/root/autodl-tmp/ecgtwin_prompt_token_super5/generated_pool_v4_merged_balanced/ningbo/gated/gated_samples.npz,38,NORM,warning,Einthoven II=I+III violated (residual=0.207)|aVR = -(I+II)/2 violated (residual=0.477),0.2069889955813607,0.47739679079131075,113.96648044692738,0.9514468312263489,True,True,0.13495486974716187,0.08508560061454773,0.007703986018896103,0.9514468312263489,0.020596377551555634
v4_balanced_token,/root/autodl-tmp/ecgtwin_prompt_token_super5/generated_pool_v4_merged_balanced/ningbo/gated/gated_samples.npz,39,NORM,pass,,0.06713965322115215,0.18350370180409084,138.91951488423373,0.9429242014884949,True,True,0.01735907979309559,0.4764243960380554,0.0003226803382858634,0.9429242014884949,0.024638166651129723
v4_balanced_token,/root/autodl-tmp/ecgtwin_prompt_token_super5/generated_pool_v4_merged_balanced/ningbo/gated/gated_samples.npz,40,NORM,warning,Einthoven II=I+III violated (residual=0.238)|aVR = -(I+II)/2 violated (residual=0.688),0.23848347468805442,0.6881065998581946,111.8421052631579,0.9668546915054321,True,True,0.06779592484235764,0.14317549765110016,0.004350006114691496,0.9668546915054321,0.009489418938755989
v4_balanced_token,/root/autodl-tmp/ecgtwin_prompt_token_super5/generated_pool_v4_merged_balanced/ningbo/gated/gated_samples.npz,41,MI,pass,,0.10642015197522557,0.15382612888167632,65.93406593406594,0.9608823657035828,True,True,0.44905826449394226,0.07088947296142578,0.9608823657035828,0.031903743743896484,0.1860075294971466
v4_balanced_token,/root/autodl-tmp/ecgtwin_prompt_token_super5/generated_pool_v4_merged_balanced/ningbo/gated/gated_samples.npz,42,MI,pass,,0.047469862555092814,0.028610425900348905,97.19222462203024,0.9936929941177368,True,True,0.8186090588569641,0.2230372130870819,0.9936929941177368,0.0064928787760436535,0.0667310431599617
v4_balanced_token,/root/autodl-tmp/ecgtwin_prompt_token_super5/generated_pool_v4_merged_balanced/ningbo/gated/gated_samples.npz,43,MI,pass,,0.11960599522409307,0.04592655732685279,88.23529411764706,0.5278936624526978,False,True,0.10761243849992752,0.2760094106197357,0.5278936624526978,0.13132590055465698,0.8564742207527161
v4_balanced_token,/root/autodl-tmp/ecgtwin_prompt_token_super5/generated_pool_v4_merged_balanced/ningbo/gated/gated_samples.npz,44,MI,warning,"large DC offset (|mean|>0.5): ['II', 'III', 'AVF', 'V5']|aVR = -(I+II)/2 violated (residual=0.693)",0.1226554142759302,0.6933271795002276,91.20521172638436,0.7371715903282166,True,True,0.25394436717033386,0.5215018391609192,0.7371715903282166,0.41354072093963623,0.6993598937988281
v4_balanced_token,/root/autodl-tmp/ecgtwin_prompt_token_super5/generated_pool_v4_merged_balanced/ningbo/gated/gated_samples.npz,45,MI,pass,,0.10423378692211357,0.15848046735886456,148.38709677419354,0.9443053603172302,False,True,0.9638983607292175,0.41361090540885925,0.9443053603172302,0.012620288878679276,0.08353825658559799
v4_balanced_token,/root/autodl-tmp/ecgtwin_prompt_token_super5/generated_pool_v4_merged_balanced/ningbo/gated/gated_samples.npz,46,MI,pass,,0.06787817044847207,0.053345811327980316,94.53781512605042,0.8523438572883606,True,True,0.2356378436088562,0.3577820360660553,0.8523438572883606,0.09228181838989258,0.5550147294998169
v4_balanced_token,/root/autodl-tmp/ecgtwin_prompt_token_super5/generated_pool_v4_merged_balanced/ningbo/gated/gated_samples.npz,47,MI,warning,aVR = -(I+II)/2 violated (residual=0.615),0.15315603146028198,0.6152766249578948,113.06532663316582,0.8963679075241089,False,True,0.927413821220398,0.5663006901741028,0.8963679075241089,0.007756079081445932,0.31234005093574524
v4_balanced_token,/root/autodl-tmp/ecgtwin_prompt_token_super5/generated_pool_v4_merged_balanced/ningbo/gated/gated_samples.npz,48,MI,pass,,0.09438496431438485,0.14885881392973224,115.50151975683892,0.08379346132278442,False,False,0.6660511493682861,0.20366108417510986,0.08379346132278442,0.697984516620636,0.18042445182800293
v4_balanced_token,/root/autodl-tmp/ecgtwin_prompt_token_super5/generated_pool_v4_merged_balanced/ningbo/gated/gated_samples.npz,49,MI,warning,Einthoven II=I+III violated (residual=0.276)|aVR = -(I+II)/2 violated (residual=0.482),0.2762260449143092,0.4817246139033286,103.1344792719919,0.9737508893013,True,True,0.8963543176651001,0.14816680550575256,0.9737508893013,0.02549084462225437,0.1288823038339615
v4_balanced_token,/root/autodl-tmp/ecgtwin_prompt_token_super5/generated_pool_v4_merged_balanced/ningbo/gated/gated_samples.npz,50,MI,warning,large DC offset (|mean|>0.5): ['AVR']|Einthoven II=I+III violated (residual=0.353)|aVR = -(I+II)/2 violated (residual=0.386),0.3531334556192051,0.38565523381298566,99.33774834437085,0.07909305393695831,False,False,0.2826900780200958,0.5835333466529846,0.07909305393695831,0.08117064088582993,0.9316685199737549
v4_balanced_token,/root/autodl-tmp/ecgtwin_prompt_token_super5/generated_pool_v4_merged_balanced/ningbo/gated/gated_samples.npz,51,MI,pass,,0.06448778443273533,0.1520893928618291,132.79678068410465,0.49598145484924316,False,False,0.7935209274291992,0.7949126362800598,0.49598145484924316,0.07300160080194473,0.7545080780982971
v4_balanced_token,/root/autodl-tmp/ecgtwin_prompt_token_super5/generated_pool_v4_merged_balanced/ningbo/gated/gated_samples.npz,52,MI,pass,,0.017892778848718132,0.04239088427682795,104.40122824974412,0.990456759929657,True,True,0.8014928102493286,0.1974235326051712,0.990456759929657,0.003638829803094268,0.0662531778216362
v4_balanced_token,/root/autodl-tmp/ecgtwin_prompt_token_super5/generated_pool_v4_merged_balanced/ningbo/gated/gated_samples.npz,53,MI,warning,"large DC offset (|mean|>0.5): ['I', 'II', 'AVL', 'V4', 'V5']|Einthoven II=I+III violated (residual=0.524)|aVR = -(I+II)/2 violated (residual=2.330)",0.5238130883784841,2.3296963847893144,126.44889357218123,0.07149304449558258,False,False,0.6846006512641907,0.864671528339386,0.07149304449558258,0.049867235124111176,0.9505695700645447
v4_balanced_token,/root/autodl-tmp/ecgtwin_prompt_token_super5/generated_pool_v4_merged_balanced/ningbo/gated/gated_samples.npz,54,MI,pass,,0.10807932522485462,0.1670646069145311,117.16341212744089,0.9681498408317566,True,True,0.1556074023246765,0.5262068510055542,0.9681498408317566,0.04514108970761299,0.23453134298324585
v4_balanced_token,/root/autodl-tmp/ecgtwin_prompt_token_super5/generated_pool_v4_merged_balanced/ningbo/gated/gated_samples.npz,55,MI,pass,,0.06344568941634193,0.09245022911980325,140.12738853503186,0.010813229717314243,False,False,0.2734666168689728,0.8978956341743469,0.010813229717314243,0.42636463046073914,0.17730796337127686
v4_balanced_token,/root/autodl-tmp/ecgtwin_prompt_token_super5/generated_pool_v4_merged_balanced/ningbo/gated/gated_samples.npz,56,MI,pass,,0.08387162743670784,0.07558866467490521,131.43483023001093,0.9927549958229065,True,True,0.17529632151126862,0.9249337315559387,0.9927549958229065,0.0019103469094261527,0.5078295469284058
v4_balanced_token,/root/autodl-tmp/ecgtwin_prompt_token_super5/generated_pool_v4_merged_balanced/ningbo/gated/gated_samples.npz,57,MI,pass,,0.19902565587143176,0.18428823401317743,107.36842105263158,0.8142907023429871,True,True,0.034656815230846405,0.7456814050674438,0.8142907023429871,0.17894358932971954,0.44185805320739746
v4_balanced_token,/root/autodl-tmp/ecgtwin_prompt_token_super5/generated_pool_v4_merged_balanced/ningbo/gated/gated_samples.npz,58,MI,warning,aVR = -(I+II)/2 violated (residual=0.408),0.13278886123847056,0.40759991425862135,113.56466876971609,0.9976401329040527,True,True,0.9347586035728455,0.4036789536476135,0.9976401329040527,0.004567362368106842,0.024790896102786064
v4_balanced_token,/root/autodl-tmp/ecgtwin_prompt_token_super5/generated_pool_v4_merged_balanced/ningbo/gated/gated_samples.npz,59,MI,warning,aVR = -(I+II)/2 violated (residual=0.412),0.15246263436436883,0.41218053256444903,89.4308943089431,0.7728481292724609,False,True,0.8826794624328613,0.21448487043380737,0.7728481292724609,0.0841241404414177,0.36551204323768616
v4_balanced_token,/root/autodl-tmp/ecgtwin_prompt_token_super5/generated_pool_v4_merged_balanced/ningbo/gated/gated_samples.npz,60,MI,warning,aVR = -(I+II)/2 violated (residual=0.353),0.1792410091716161,0.3528836466821763,122.8448275862069,0.9683982133865356,True,True,0.8518164753913879,0.513355016708374,0.9683982133865356,0.05813397467136383,0.07354918867349625
v4_balanced_token,/root/autodl-tmp/ecgtwin_prompt_token_super5/generated_pool_v4_merged_balanced/ningbo/gated/gated_samples.npz,61,MI,warning,"large DC offset (|mean|>0.5): ['I', 'II', 'III', 'AVR', 'AVF', 'V4', 'V5', 'V6']",0.11628000194299447,0.14521501673824694,121.48481439820021,0.7486547827720642,False,True,0.9242910742759705,0.1673339456319809,0.7486547827720642,0.18386612832546234,0.5915578007698059
v4_balanced_token,/root/autodl-tmp/ecgtwin_prompt_token_super5/generated_pool_v4_merged_balanced/ningbo/gated/gated_samples.npz,62,MI,warning,"large DC offset (|mean|>0.5): ['II', 'III', 'AVF', 'V4', 'V5']",0.0515149316660844,0.1999765339328772,109.42249240121582,0.10201656818389893,False,False,0.9939514398574829,0.7711844444274902,0.10201656818389893,0.050748247653245926,0.5508647561073303
v4_balanced_token,/root/autodl-tmp/ecgtwin_prompt_token_super5/generated_pool_v4_merged_balanced/ningbo/gated/gated_samples.npz,63,MI,warning,"large DC offset (|mean|>0.5): ['V2', 'V3', 'V4', 'V5', 'V6']|Einthoven II=I+III violated (residual=0.888)|aVR = -(I+II)/2 violated (residual=1.411)",0.8879910256526073,1.4106571355864173,89.86175115207374,0.9733328819274902,True,True,0.9150937795639038,0.7816749215126038,0.9733328819274902,0.039462342858314514,0.5707584619522095
