run_id,model,variant,center,macro_auroc,macro_auprc,drop_all_zero_macro_auroc,drop_all_zero_macro_auprc,n_records,n_excluded_ref,effective_n,n_all_zero_labels,n_nonzero_labels,mapping_version,mapping_hash,eval_json
mainline_v7_k500_4gpu_20260605,EfficientNet1DV2,direct,ningbo,0.8814194609471713,0.4955396153654088,0.9002705163856074,0.6641406654789915,34405,500,34405,15662,18743,v7_super5_sjr_rgq_review_20260528,555ec85d5b51,/home/linbinhao/ECG/ecg_paper_migration_full_20260522_extract/root/autodl-tmp/runs/effnet_direct_k500_v7_sjr_rgq_matrix/mainline_v7_k500_4gpu_20260605/ningbo/runs/ningbo_K500_direct_ft_ep30_seed20260531_val0.2/eval_result_v7_super5_sjr_rgq_review_exclrefs_crop1000.json
mainline_v7_k500_4gpu_20260605,EfficientNet1DV2,direct,chapman_shaoxing,0.8852745815916144,0.4455408148201032,0.9035468161599358,0.6154892680853061,9747,500,9747,4425,5322,v7_super5_sjr_rgq_review_20260528,555ec85d5b51,/home/linbinhao/ECG/ecg_paper_migration_full_20260522_extract/root/autodl-tmp/runs/effnet_direct_k500_v7_sjr_rgq_matrix/mainline_v7_k500_4gpu_20260605/chapman_shaoxing/runs/chapman_shaoxing_K500_direct_ft_ep30_seed20260531_val0.2/eval_result_v7_super5_sjr_rgq_review_exclrefs_crop1000.json
mainline_v7_k500_4gpu_20260605,EfficientNet1DV2,direct,cpsc_2018,0.8212155097878915,0.5593386021819902,0.8735893669150472,0.7087393467010141,6377,500,6377,2131,4246,v7_super5_sjr_rgq_review_20260528,555ec85d5b51,/home/linbinhao/ECG/ecg_paper_migration_full_20260522_extract/root/autodl-tmp/runs/effnet_direct_k500_v7_sjr_rgq_matrix/mainline_v7_k500_4gpu_20260605/cpsc_2018/runs/cpsc_2018_K500_direct_ft_ep30_seed20260531_val0.2/eval_result_v7_super5_sjr_rgq_review_exclrefs_crop1000.json
mainline_v7_k500_4gpu_20260605,EfficientNet1DV2,direct,georgia,0.8206847026717844,0.5982129871553375,0.8276874955734369,0.6781399433270241,9844,500,9844,1631,8213,v7_super5_sjr_rgq_review_20260528,555ec85d5b51,/home/linbinhao/ECG/ecg_paper_migration_full_20260522_extract/root/autodl-tmp/runs/effnet_direct_k500_v7_sjr_rgq_matrix/mainline_v7_k500_4gpu_20260605/georgia/runs/georgia_K500_direct_ft_ep30_seed20260531_val0.2/eval_result_v7_super5_sjr_rgq_review_exclrefs_crop1000.json
mainline_v7_k500_4gpu_20260605,EfficientNet1DV2,vae_lhat,ningbo,0.8866227790564117,0.5118574837185303,0.9126017370781468,0.6934656395365606,34405,500,34405,15662,18743,v7_super5_sjr_rgq_review_20260528,555ec85d5b51,/home/linbinhao/ECG/ecg_paper_migration_full_20260522_extract/root/autodl-tmp/runs/effnet_vae_lhat_k500_v7_sjr_rgq/mainline_v7_k500_4gpu_20260605/ningbo_realall_targetheavy_M20_lam0p05_augmix_s2_wlat0p25_hs3_target_macro_auprc_cdhypminormsttc_hlabelcom_anchor_soft_sta_local_random_p120_fullft_ep30_seed20260531/eval_result_v7_exclrefs_crop1000.json
mainline_v7_k500_4gpu_20260605,EfficientNet1DV2,vae_lhat,chapman_shaoxing,0.897212283406477,0.4842726552903425,0.9199082086447954,0.6624993082357296,9747,500,9747,4425,5322,v7_super5_sjr_rgq_review_20260528,555ec85d5b51,/home/linbinhao/ECG/ecg_paper_migration_full_20260522_extract/root/autodl-tmp/runs/effnet_vae_lhat_k500_v7_sjr_rgq/mainline_v7_k500_4gpu_20260605/chapman_shaoxing_realall_targetheavy_M20_lam0p05_augmix_s2_wlat0p25_hs3_target_macro_auprc_cdhypminormsttc_hlabelcom_anchor_soft_sta_local_random_p120_fullft_ep30_seed20260531/eval_result_v7_exclrefs_crop1000.json
mainline_v7_k500_4gpu_20260605,EfficientNet1DV2,vae_lhat,cpsc_2018,0.8763256810899683,0.6213779216512064,0.9307679731389654,0.8235359676402708,6377,500,6377,2131,4246,v7_super5_sjr_rgq_review_20260528,555ec85d5b51,/home/linbinhao/ECG/ecg_paper_migration_full_20260522_extract/root/autodl-tmp/runs/effnet_vae_lhat_k500_v7_sjr_rgq/mainline_v7_k500_4gpu_20260605/cpsc_2018_realall_targetheavy_M20_lam0p05_augmix_s2_wlat0p25_hs3_target_macro_auprc_cdhypminormsttc_hlabelcom_anchor_soft_sta_local_random_p120_fullft_ep30_seed20260531/eval_result_v7_exclrefs_crop1000.json
mainline_v7_k500_4gpu_20260605,EfficientNet1DV2,vae_lhat,georgia,0.8246703678265314,0.601920013855081,0.8353002459561546,0.691348491386228,9844,500,9844,1631,8213,v7_super5_sjr_rgq_review_20260528,555ec85d5b51,/home/linbinhao/ECG/ecg_paper_migration_full_20260522_extract/root/autodl-tmp/runs/effnet_vae_lhat_k500_v7_sjr_rgq/mainline_v7_k500_4gpu_20260605/georgia_realall_targetheavy_M20_lam0p05_augmix_s2_wlat0p25_hs3_target_macro_auprc_cdhypminormsttc_hlabelcom_anchor_soft_sta_local_random_p120_fullft_ep30_seed20260531/eval_result_v7_exclrefs_crop1000.json
mainline_v7_k500_4gpu_20260605,ECGFounder,direct,ningbo,0.9179380450024975,0.6007888441842815,,,34905,500,34405,15662,18743,v7_super5_sjr_rgq_review_20260528,555ec85d5b51,/home/linbinhao/ECG/ecg_paper_migration_full_20260522_extract/root/autodl-tmp/runs/ecgfounder_direct_k500_v7_sjr_rgq/mainline_v7_k500_4gpu_20260605/ningbo/runs/ningbo_K500_fromK500_headft_ep50_seed20260531/eval_result.json
mainline_v7_k500_4gpu_20260605,ECGFounder,direct,chapman_shaoxing,0.9260872513274849,0.5848525418152,,,10247,500,9747,4425,5322,v7_super5_sjr_rgq_review_20260528,555ec85d5b51,/home/linbinhao/ECG/ecg_paper_migration_full_20260522_extract/root/autodl-tmp/runs/ecgfounder_direct_k500_v7_sjr_rgq/mainline_v7_k500_4gpu_20260605/chapman_shaoxing/runs/chapman_shaoxing_K500_fromK500_headft_ep50_seed20260531/eval_result.json
mainline_v7_k500_4gpu_20260605,ECGFounder,direct,cpsc_2018,0.8629724729405956,0.6219425502971091,,,6877,500,6377,2131,4246,v7_super5_sjr_rgq_review_20260528,555ec85d5b51,/home/linbinhao/ECG/ecg_paper_migration_full_20260522_extract/root/autodl-tmp/runs/ecgfounder_direct_k500_v7_sjr_rgq/mainline_v7_k500_4gpu_20260605/cpsc_2018/runs/cpsc_2018_K500_fromK500_headft_ep50_seed20260531/eval_result.json
mainline_v7_k500_4gpu_20260605,ECGFounder,direct,georgia,0.8820184204310484,0.7225738706019358,,,10344,500,9844,1631,8213,v7_super5_sjr_rgq_review_20260528,555ec85d5b51,/home/linbinhao/ECG/ecg_paper_migration_full_20260522_extract/root/autodl-tmp/runs/ecgfounder_direct_k500_v7_sjr_rgq/mainline_v7_k500_4gpu_20260605/georgia/runs/georgia_K500_fromK500_headft_ep50_seed20260531/eval_result.json
mainline_v7_k500_4gpu_20260605,ECGFounder,vae_lhat,ningbo,0.9179380450024975,0.6007888441842815,0.930801321464022,0.7286491708414475,34905,500,34405,15662,18743,v7_super5_sjr_rgq_review_20260528,555ec85d5b51,/home/linbinhao/ECG/ecg_paper_migration_full_20260522_extract/root/autodl-tmp/runs/ecgfounder_vae_lhat_k500_v7_sjr_rgq/mainline_v7_k500_4gpu_20260605/ningbo/runs/ningbo_K500_M20_lam0p15_ep20_seed20260531/eval_result.json
mainline_v7_k500_4gpu_20260605,ECGFounder,vae_lhat,chapman_shaoxing,0.9260872513274849,0.5848525418152,0.9335993104182526,0.68217645904956,10247,500,9747,4425,5322,v7_super5_sjr_rgq_review_20260528,555ec85d5b51,/home/linbinhao/ECG/ecg_paper_migration_full_20260522_extract/root/autodl-tmp/runs/ecgfounder_vae_lhat_k500_v7_sjr_rgq/mainline_v7_k500_4gpu_20260605/chapman_shaoxing/runs/chapman_shaoxing_K500_M20_lam0p15_ep20_seed20260531/eval_result.json
mainline_v7_k500_4gpu_20260605,ECGFounder,vae_lhat,cpsc_2018,0.8870055892737474,0.6814601755645691,0.9305853903920186,0.832230480537417,6877,500,6377,2131,4246,v7_super5_sjr_rgq_review_20260528,555ec85d5b51,/home/linbinhao/ECG/ecg_paper_migration_full_20260522_extract/root/autodl-tmp/runs/ecgfounder_vae_lhat_k500_v7_sjr_rgq/mainline_v7_k500_4gpu_20260605/cpsc_2018/runs/cpsc_2018_K500_M20_lam0p15_ep20_seed20260531/eval_result.json
mainline_v7_k500_4gpu_20260605,ECGFounder,vae_lhat,georgia,0.881437503099251,0.7207954607916698,0.889216368802918,0.7829966453413599,10344,500,9844,1631,8213,v7_super5_sjr_rgq_review_20260528,555ec85d5b51,/home/linbinhao/ECG/ecg_paper_migration_full_20260522_extract/root/autodl-tmp/runs/ecgfounder_vae_lhat_k500_v7_sjr_rgq/mainline_v7_k500_4gpu_20260605/georgia/runs/georgia_K500_M20_lam0p15_ep20_seed20260531/eval_result.json
mainline_v7_k500_4gpu_20260605,ResNet1D-Wang,direct,ningbo,0.8802004279822231,0.5052694846014094,0.9000087543666708,0.6745566029126925,34405,500,34405,15662,18743,v7_super5_sjr_rgq_review_20260528,555ec85d5b51,/home/linbinhao/ECG/ecg_paper_migration_full_20260522_extract/root/autodl-tmp/runs/benchmark_resnet1d_wang_direct_k500_v7_sjr_rgq/mainline_v7_k500_4gpu_20260605/ningbo/runs/ningbo_K500_direct_ft_benchmark_resnet1d_wang_ep30_seed20260531_val0p2/eval_result_v7_super5_sjr_rgq_review_exclrefs_crop1000.json
mainline_v7_k500_4gpu_20260605,ResNet1D-Wang,direct,chapman_shaoxing,0.8779312863313266,0.45012105363543126,0.8952854376960367,0.6299314611107842,9747,500,9747,4425,5322,v7_super5_sjr_rgq_review_20260528,555ec85d5b51,/home/linbinhao/ECG/ecg_paper_migration_full_20260522_extract/root/autodl-tmp/runs/benchmark_resnet1d_wang_direct_k500_v7_sjr_rgq/mainline_v7_k500_4gpu_20260605/chapman_shaoxing/runs/chapman_shaoxing_K500_direct_ft_benchmark_resnet1d_wang_ep30_seed20260531_val0p2/eval_result_v7_super5_sjr_rgq_review_exclrefs_crop1000.json
mainline_v7_k500_4gpu_20260605,ResNet1D-Wang,direct,cpsc_2018,0.8534699457815836,0.5894170491180504,0.9073478993182807,0.7756896753807103,6377,500,6377,2131,4246,v7_super5_sjr_rgq_review_20260528,555ec85d5b51,/home/linbinhao/ECG/ecg_paper_migration_full_20260522_extract/root/autodl-tmp/runs/benchmark_resnet1d_wang_direct_k500_v7_sjr_rgq/mainline_v7_k500_4gpu_20260605/cpsc_2018/runs/cpsc_2018_K500_direct_ft_benchmark_resnet1d_wang_ep30_seed20260531_val0p2/eval_result_v7_super5_sjr_rgq_review_exclrefs_crop1000.json
mainline_v7_k500_4gpu_20260605,ResNet1D-Wang,direct,georgia,0.8151502398639628,0.5896151741037488,0.8227205733894145,0.6690418855218903,9844,500,9844,1631,8213,v7_super5_sjr_rgq_review_20260528,555ec85d5b51,/home/linbinhao/ECG/ecg_paper_migration_full_20260522_extract/root/autodl-tmp/runs/benchmark_resnet1d_wang_direct_k500_v7_sjr_rgq/mainline_v7_k500_4gpu_20260605/georgia/runs/georgia_K500_direct_ft_benchmark_resnet1d_wang_ep30_seed20260531_val0p2/eval_result_v7_super5_sjr_rgq_review_exclrefs_crop1000.json
mainline_v7_k500_4gpu_20260605,ResNet1D-Wang,vae_lhat,ningbo,0.8802004279822231,0.5052694846014094,0.9000087543666708,0.6745566029126925,34405,500,34405,15662,18743,v7_super5_sjr_rgq_review_20260528,555ec85d5b51,/home/linbinhao/ECG/ecg_paper_migration_full_20260522_extract/root/autodl-tmp/runs/benchmark_resnet1d_wang_vae_lhat_k500_v7_sjr_rgq/mainline_v7_k500_4gpu_20260605/ningbo_realall_targetheavy_M20_lam0p05_augmix_s2_wlat0p25_hs3_target_macro_auprc_cdhypminormsttc_hlabelcom_anchor_soft_sta_local_random_p120_fullft_ep30_seed20260531/eval_result_v7_exclrefs_crop1000.json
mainline_v7_k500_4gpu_20260605,ResNet1D-Wang,vae_lhat,chapman_shaoxing,0.8825652839752172,0.46874275143302435,0.8996141605320798,0.6411024288003582,9747,500,9747,4425,5322,v7_super5_sjr_rgq_review_20260528,555ec85d5b51,/home/linbinhao/ECG/ecg_paper_migration_full_20260522_extract/root/autodl-tmp/runs/benchmark_resnet1d_wang_vae_lhat_k500_v7_sjr_rgq/mainline_v7_k500_4gpu_20260605/chapman_shaoxing_realall_targetheavy_M20_lam0p05_augmix_s2_wlat0p25_hs3_target_macro_auprc_cdhypminormsttc_hlabelcom_anchor_soft_sta_local_random_p120_fullft_ep30_seed20260531/eval_result_v7_exclrefs_crop1000.json
mainline_v7_k500_4gpu_20260605,ResNet1D-Wang,vae_lhat,cpsc_2018,0.8742560149599973,0.6237744472208353,0.9294095187200947,0.8346460868382076,6377,500,6377,2131,4246,v7_super5_sjr_rgq_review_20260528,555ec85d5b51,/home/linbinhao/ECG/ecg_paper_migration_full_20260522_extract/root/autodl-tmp/runs/benchmark_resnet1d_wang_vae_lhat_k500_v7_sjr_rgq/mainline_v7_k500_4gpu_20260605/cpsc_2018_realall_targetheavy_M20_lam0p05_augmix_s2_wlat0p25_hs3_target_macro_auprc_cdhypminormsttc_hlabelcom_anchor_soft_sta_local_random_p120_fullft_ep30_seed20260531/eval_result_v7_exclrefs_crop1000.json
mainline_v7_k500_4gpu_20260605,ResNet1D-Wang,vae_lhat,georgia,0.8248937658229747,0.6151976738040075,0.8351282554458763,0.6955149163440615,9844,500,9844,1631,8213,v7_super5_sjr_rgq_review_20260528,555ec85d5b51,/home/linbinhao/ECG/ecg_paper_migration_full_20260522_extract/root/autodl-tmp/runs/benchmark_resnet1d_wang_vae_lhat_k500_v7_sjr_rgq/mainline_v7_k500_4gpu_20260605/georgia_realall_targetheavy_M20_lam0p05_augmix_s2_wlat0p25_hs3_target_macro_auprc_cdhypminormsttc_hlabelcom_anchor_soft_sta_local_random_p120_fullft_ep30_seed20260531/eval_result_v7_exclrefs_crop1000.json
mainline_v7_k500_4gpu_20260605,Inception1D,direct,ningbo,0.885342477034226,0.5293078075791946,0.9067503006535673,0.70035293367337,34405,500,34405,15662,18743,v7_super5_sjr_rgq_review_20260528,555ec85d5b51,/home/linbinhao/ECG/ecg_paper_migration_full_20260522_extract/root/autodl-tmp/runs/benchmark_inception1d_direct_k500_v7_sjr_rgq/mainline_v7_k500_4gpu_20260605/ningbo/runs/ningbo_K500_direct_ft_benchmark_inception1d_ep30_seed20260531_val0p2/eval_result_v7_super5_sjr_rgq_review_exclrefs_crop1000.json
mainline_v7_k500_4gpu_20260605,Inception1D,direct,chapman_shaoxing,0.8946749170486374,0.48971875097701834,0.9151611703239,0.6589690589362526,9747,500,9747,4425,5322,v7_super5_sjr_rgq_review_20260528,555ec85d5b51,/home/linbinhao/ECG/ecg_paper_migration_full_20260522_extract/root/autodl-tmp/runs/benchmark_inception1d_direct_k500_v7_sjr_rgq/mainline_v7_k500_4gpu_20260605/chapman_shaoxing/runs/chapman_shaoxing_K500_direct_ft_benchmark_inception1d_ep30_seed20260531_val0p2/eval_result_v7_super5_sjr_rgq_review_exclrefs_crop1000.json
mainline_v7_k500_4gpu_20260605,Inception1D,direct,cpsc_2018,0.8603836658831518,0.5987976942295244,0.9168080267733135,0.7886232231547763,6377,500,6377,2131,4246,v7_super5_sjr_rgq_review_20260528,555ec85d5b51,/home/linbinhao/ECG/ecg_paper_migration_full_20260522_extract/root/autodl-tmp/runs/benchmark_inception1d_direct_k500_v7_sjr_rgq/mainline_v7_k500_4gpu_20260605/cpsc_2018/runs/cpsc_2018_K500_direct_ft_benchmark_inception1d_ep30_seed20260531_val0p2/eval_result_v7_super5_sjr_rgq_review_exclrefs_crop1000.json
mainline_v7_k500_4gpu_20260605,Inception1D,direct,georgia,0.8264118878642536,0.610233807262984,0.8347413243081705,0.6886637998994655,9844,500,9844,1631,8213,v7_super5_sjr_rgq_review_20260528,555ec85d5b51,/home/linbinhao/ECG/ecg_paper_migration_full_20260522_extract/root/autodl-tmp/runs/benchmark_inception1d_direct_k500_v7_sjr_rgq/mainline_v7_k500_4gpu_20260605/georgia/runs/georgia_K500_direct_ft_benchmark_inception1d_ep30_seed20260531_val0p2/eval_result_v7_super5_sjr_rgq_review_exclrefs_crop1000.json
mainline_v7_k500_4gpu_20260605,Inception1D,vae_lhat,ningbo,0.885342477034226,0.5293078075791946,0.9067503006535673,0.70035293367337,34405,500,34405,15662,18743,v7_super5_sjr_rgq_review_20260528,555ec85d5b51,/home/linbinhao/ECG/ecg_paper_migration_full_20260522_extract/root/autodl-tmp/runs/benchmark_inception1d_vae_lhat_k500_v7_sjr_rgq/mainline_v7_k500_4gpu_20260605/ningbo_realall_targetheavy_M20_lam0p05_augmix_s2_wlat0p25_hs3_target_macro_auprc_cdhypminormsttc_hlabelcom_anchor_soft_sta_local_random_p120_fullft_ep30_seed20260531/eval_result_v7_exclrefs_crop1000.json
mainline_v7_k500_4gpu_20260605,Inception1D,vae_lhat,chapman_shaoxing,0.8946749170486374,0.48971875097701834,0.9151611703239,0.6589690589362526,9747,500,9747,4425,5322,v7_super5_sjr_rgq_review_20260528,555ec85d5b51,/home/linbinhao/ECG/ecg_paper_migration_full_20260522_extract/root/autodl-tmp/runs/benchmark_inception1d_vae_lhat_k500_v7_sjr_rgq/mainline_v7_k500_4gpu_20260605/chapman_shaoxing_realall_targetheavy_M20_lam0p05_augmix_s2_wlat0p25_hs3_target_macro_auprc_cdhypminormsttc_hlabelcom_anchor_soft_sta_local_random_p120_fullft_ep30_seed20260531/eval_result_v7_exclrefs_crop1000.json
mainline_v7_k500_4gpu_20260605,Inception1D,vae_lhat,cpsc_2018,0.8830145370471824,0.6370557881251725,0.9366078708841564,0.8476685735041717,6377,500,6377,2131,4246,v7_super5_sjr_rgq_review_20260528,555ec85d5b51,/home/linbinhao/ECG/ecg_paper_migration_full_20260522_extract/root/autodl-tmp/runs/benchmark_inception1d_vae_lhat_k500_v7_sjr_rgq/mainline_v7_k500_4gpu_20260605/cpsc_2018_realall_targetheavy_M20_lam0p05_augmix_s2_wlat0p25_hs3_target_macro_auprc_cdhypminormsttc_hlabelcom_anchor_soft_sta_local_random_p120_fullft_ep30_seed20260531/eval_result_v7_exclrefs_crop1000.json
mainline_v7_k500_4gpu_20260605,Inception1D,vae_lhat,georgia,0.8283785412329563,0.6216301471770176,0.839220041764625,0.7016167496266985,9844,500,9844,1631,8213,v7_super5_sjr_rgq_review_20260528,555ec85d5b51,/home/linbinhao/ECG/ecg_paper_migration_full_20260522_extract/root/autodl-tmp/runs/benchmark_inception1d_vae_lhat_k500_v7_sjr_rgq/mainline_v7_k500_4gpu_20260605/georgia_realall_targetheavy_M20_lam0p05_augmix_s2_wlat0p25_hs3_target_macro_auprc_cdhypminormsttc_hlabelcom_anchor_soft_sta_local_random_p120_fullft_ep30_seed20260531/eval_result_v7_exclrefs_crop1000.json
mainline_v7_k500_4gpu_20260605,FCN-Wang,direct,ningbo,0.8735256958535192,0.4976728885019221,0.8945717605866281,0.6711559931353297,34405,500,34405,15662,18743,v7_super5_sjr_rgq_review_20260528,555ec85d5b51,/home/linbinhao/ECG/ecg_paper_migration_full_20260522_extract/root/autodl-tmp/runs/benchmark_fcn_wang_direct_k500_v7_sjr_rgq/mainline_v7_k500_4gpu_20260605/ningbo/runs/ningbo_K500_direct_ft_benchmark_fcn_wang_ep30_seed20260531_val0p2/eval_result_v7_super5_sjr_rgq_review_exclrefs_crop1000.json
mainline_v7_k500_4gpu_20260605,FCN-Wang,direct,chapman_shaoxing,0.8741451766734892,0.42808996252327586,0.8963052894940555,0.6093710864993074,9747,500,9747,4425,5322,v7_super5_sjr_rgq_review_20260528,555ec85d5b51,/home/linbinhao/ECG/ecg_paper_migration_full_20260522_extract/root/autodl-tmp/runs/benchmark_fcn_wang_direct_k500_v7_sjr_rgq/mainline_v7_k500_4gpu_20260605/chapman_shaoxing/runs/chapman_shaoxing_K500_direct_ft_benchmark_fcn_wang_ep30_seed20260531_val0p2/eval_result_v7_super5_sjr_rgq_review_exclrefs_crop1000.json
mainline_v7_k500_4gpu_20260605,FCN-Wang,direct,cpsc_2018,0.8321278207316403,0.5560885798474086,0.8884346477554711,0.7288299801403655,6377,500,6377,2131,4246,v7_super5_sjr_rgq_review_20260528,555ec85d5b51,/home/linbinhao/ECG/ecg_paper_migration_full_20260522_extract/root/autodl-tmp/runs/benchmark_fcn_wang_direct_k500_v7_sjr_rgq/mainline_v7_k500_4gpu_20260605/cpsc_2018/runs/cpsc_2018_K500_direct_ft_benchmark_fcn_wang_ep30_seed20260531_val0p2/eval_result_v7_super5_sjr_rgq_review_exclrefs_crop1000.json
mainline_v7_k500_4gpu_20260605,FCN-Wang,direct,georgia,0.8122480057082463,0.5920470155143807,0.819946232120606,0.6715701381487372,9844,500,9844,1631,8213,v7_super5_sjr_rgq_review_20260528,555ec85d5b51,/home/linbinhao/ECG/ecg_paper_migration_full_20260522_extract/root/autodl-tmp/runs/benchmark_fcn_wang_direct_k500_v7_sjr_rgq/mainline_v7_k500_4gpu_20260605/georgia/runs/georgia_K500_direct_ft_benchmark_fcn_wang_ep30_seed20260531_val0p2/eval_result_v7_super5_sjr_rgq_review_exclrefs_crop1000.json
mainline_v7_k500_4gpu_20260605,FCN-Wang,vae_lhat,ningbo,0.8735256958535192,0.4976728885019221,0.8945717605866281,0.6711559931353297,34405,500,34405,15662,18743,v7_super5_sjr_rgq_review_20260528,555ec85d5b51,/home/linbinhao/ECG/ecg_paper_migration_full_20260522_extract/root/autodl-tmp/runs/benchmark_fcn_wang_vae_lhat_k500_v7_sjr_rgq/mainline_v7_k500_4gpu_20260605/ningbo_realall_targetheavy_M20_lam0p05_augmix_s2_wlat0p25_hs3_target_macro_auprc_cdhypminormsttc_hlabelcom_anchor_soft_sta_local_random_p120_fullft_ep30_seed20260531/eval_result_v7_exclrefs_crop1000.json
mainline_v7_k500_4gpu_20260605,FCN-Wang,vae_lhat,chapman_shaoxing,0.8741451766734892,0.42808996252327586,0.8963052894940555,0.6093710864993074,9747,500,9747,4425,5322,v7_super5_sjr_rgq_review_20260528,555ec85d5b51,/home/linbinhao/ECG/ecg_paper_migration_full_20260522_extract/root/autodl-tmp/runs/benchmark_fcn_wang_vae_lhat_k500_v7_sjr_rgq/mainline_v7_k500_4gpu_20260605/chapman_shaoxing_realall_targetheavy_M20_lam0p05_augmix_s2_wlat0p25_hs3_target_macro_auprc_cdhypminormsttc_hlabelcom_anchor_soft_sta_local_random_p120_fullft_ep30_seed20260531/eval_result_v7_exclrefs_crop1000.json
mainline_v7_k500_4gpu_20260605,FCN-Wang,vae_lhat,cpsc_2018,0.8541199266009781,0.5934911187020888,0.9114761151182306,0.7911959925371775,6377,500,6377,2131,4246,v7_super5_sjr_rgq_review_20260528,555ec85d5b51,/home/linbinhao/ECG/ecg_paper_migration_full_20260522_extract/root/autodl-tmp/runs/benchmark_fcn_wang_vae_lhat_k500_v7_sjr_rgq/mainline_v7_k500_4gpu_20260605/cpsc_2018_realall_targetheavy_M20_lam0p05_augmix_s2_wlat0p25_hs3_target_macro_auprc_cdhypminormsttc_hlabelcom_anchor_soft_sta_local_random_p120_fullft_ep30_seed20260531/eval_result_v7_exclrefs_crop1000.json
mainline_v7_k500_4gpu_20260605,FCN-Wang,vae_lhat,georgia,0.811832307731349,0.5993811225118754,0.8216548596234732,0.6822475989894695,9844,500,9844,1631,8213,v7_super5_sjr_rgq_review_20260528,555ec85d5b51,/home/linbinhao/ECG/ecg_paper_migration_full_20260522_extract/root/autodl-tmp/runs/benchmark_fcn_wang_vae_lhat_k500_v7_sjr_rgq/mainline_v7_k500_4gpu_20260605/georgia_realall_targetheavy_M20_lam0p05_augmix_s2_wlat0p25_hs3_target_macro_auprc_cdhypminormsttc_hlabelcom_anchor_soft_sta_local_random_p120_fullft_ep30_seed20260531/eval_result_v7_exclrefs_crop1000.json
