dataset,model,variant,variant_label,center,drop_all_zero_macro_auroc,drop_all_zero_macro_auprc,n_units,drop_all_zero_n_records_min,drop_all_zero_n_records_max,n_all_zero_labels_min,n_all_zero_labels_max,source,note
PN2021-C drop-all-zero,EfficientNet1DV2,source_ptbxl,仅PTBXL训练,chapman_shaoxing,0.8659347261143102,0.5674109079325987,25,5322,5322,4425,4425,/home/linbinhao/ECG/ecg_paper_migration_full_20260522_extract/root/autodl-tmp/runs/source_ptbxl_v7_refexcluded_20260605/EfficientNet1DV2/chapman_shaoxing/eval_pn2021_c_v7_refexcluded_stream_standard_dropallzero.json,25 corruption-severity unit mean; all-zero labels dropped per unit
PN2021-C drop-all-zero,EfficientNet1DV2,source_ptbxl,仅PTBXL训练,cpsc_2018,0.846083684345178,0.667928957485471,25,4246,4246,2131,2131,/home/linbinhao/ECG/ecg_paper_migration_full_20260522_extract/root/autodl-tmp/runs/source_ptbxl_v7_refexcluded_20260605/EfficientNet1DV2/cpsc_2018/eval_pn2021_c_v7_refexcluded_stream_standard_dropallzero.json,25 corruption-severity unit mean; all-zero labels dropped per unit
PN2021-C drop-all-zero,EfficientNet1DV2,source_ptbxl,仅PTBXL训练,georgia,0.8002842125975618,0.6426957688619785,25,8213,8213,1631,1631,/home/linbinhao/ECG/ecg_paper_migration_full_20260522_extract/root/autodl-tmp/runs/source_ptbxl_v7_refexcluded_20260605/EfficientNet1DV2/georgia/eval_pn2021_c_v7_refexcluded_stream_standard_dropallzero.json,25 corruption-severity unit mean; all-zero labels dropped per unit
PN2021-C drop-all-zero,EfficientNet1DV2,source_ptbxl,仅PTBXL训练,ningbo,0.8605297524656311,0.6062840339012485,25,18743,18743,15662,15662,/home/linbinhao/ECG/ecg_paper_migration_full_20260522_extract/root/autodl-tmp/runs/source_ptbxl_v7_refexcluded_20260605/EfficientNet1DV2/ningbo/eval_pn2021_c_v7_refexcluded_stream_standard_dropallzero.json,25 corruption-severity unit mean; all-zero labels dropped per unit
PN2021-C drop-all-zero,EfficientNet1DV2,direct,直接微调,chapman_shaoxing,0.8730165646312961,0.5749942328542277,25,5322,5322,4425,4425,/home/linbinhao/ECG/ecg_paper_migration_full_20260522_extract/root/autodl-tmp/runs/pn2021c_direct_vs_vae_augmix_mainline_v7_k500_20260605/EfficientNet1DV2/direct/chapman_shaoxing/eval_pn2021_c_v7_refexcluded_stream_standard_dropallzero.json,25 corruption-severity unit mean; all-zero labels dropped per unit
PN2021-C drop-all-zero,EfficientNet1DV2,direct,直接微调,cpsc_2018,0.8532437965257216,0.6792938916435467,25,4246,4246,2131,2131,/home/linbinhao/ECG/ecg_paper_migration_full_20260522_extract/root/autodl-tmp/runs/pn2021c_direct_vs_vae_augmix_mainline_v7_k500_20260605/EfficientNet1DV2/direct/cpsc_2018/eval_pn2021_c_v7_refexcluded_stream_standard_dropallzero.json,25 corruption-severity unit mean; all-zero labels dropped per unit
PN2021-C drop-all-zero,EfficientNet1DV2,direct,直接微调,georgia,0.8058936559018555,0.6462274423231348,25,8213,8213,1631,1631,/home/linbinhao/ECG/ecg_paper_migration_full_20260522_extract/root/autodl-tmp/runs/pn2021c_direct_vs_vae_augmix_mainline_v7_k500_20260605/EfficientNet1DV2/direct/georgia/eval_pn2021_c_v7_refexcluded_stream_standard_dropallzero.json,25 corruption-severity unit mean; all-zero labels dropped per unit
PN2021-C drop-all-zero,EfficientNet1DV2,direct,直接微调,ningbo,0.8688384041083167,0.6169352914946276,25,18743,18743,15662,15662,/home/linbinhao/ECG/ecg_paper_migration_full_20260522_extract/root/autodl-tmp/runs/pn2021c_direct_vs_vae_augmix_mainline_v7_k500_20260605/EfficientNet1DV2/direct/ningbo/eval_pn2021_c_v7_refexcluded_stream_standard_dropallzero.json,25 corruption-severity unit mean; all-zero labels dropped per unit
PN2021-C drop-all-zero,EfficientNet1DV2,vae_noaug,VAE-only,chapman_shaoxing,0.8848452951303345,0.6214284477618797,25,5322,5322,4425,4425,/home/linbinhao/ECG/ecg_paper_migration_full_20260522_extract/root/autodl-tmp/runs/effnet_vae_noaug_k500_v7_sjr_rgq/seed20260601_k500_v7_sjr_rgq_20260530_rep1/chapman_shaoxing_realall_targetheavy_M20_lam0p05_augmix_s2_wlat0p25_hs3_target_macro_auprc_cdhypminormsttc_hlabelcom_anchor_soft_sta_local_random_p120_fullft_k500_noaugmix_ep30_seed20260601/eval_pn2021_c_v7_chapman_shaoxing_exclrefs_stream_standard_dropallzero.json,25 corruption-severity unit mean; all-zero labels dropped per unit
PN2021-C drop-all-zero,EfficientNet1DV2,vae_noaug,VAE-only,cpsc_2018,0.9032315972130367,0.765240958935146,25,4246,4246,2131,2131,/home/linbinhao/ECG/ecg_paper_migration_full_20260522_extract/root/autodl-tmp/runs/effnet_vae_noaug_k500_v7_sjr_rgq/seed20260601_k500_v7_sjr_rgq_20260530_rep1/cpsc_2018_realall_targetheavy_M20_lam0p05_augmix_s2_wlat0p25_hs3_target_macro_auprc_cdhypminormsttc_hlabelcom_anchor_soft_sta_local_random_p120_fullft_k500_noaugmix_ep30_seed20260601/eval_pn2021_c_v7_cpsc_2018_exclrefs_stream_standard_dropallzero.json,25 corruption-severity unit mean; all-zero labels dropped per unit
PN2021-C drop-all-zero,EfficientNet1DV2,vae_noaug,VAE-only,georgia,0.8126486054710186,0.6576393579635083,25,8211,8211,1633,1633,/home/linbinhao/ECG/ecg_paper_migration_full_20260522_extract/root/autodl-tmp/runs/effnet_vae_noaug_k500_v7_sjr_rgq/seed20260601_k500_v7_sjr_rgq_20260530_rep1/georgia_realall_targetheavy_M20_lam0p05_augmix_s2_wlat0p25_hs3_target_macro_auprc_cdhypminormsttc_hlabelcom_anchor_soft_sta_local_random_p120_fullft_k500_noaugmix_ep30_seed20260601/eval_pn2021_c_v7_georgia_exclrefs_stream_standard_dropallzero.json,25 corruption-severity unit mean; all-zero labels dropped per unit
PN2021-C drop-all-zero,EfficientNet1DV2,vae_noaug,VAE-only,ningbo,0.8765265274408621,0.6443517383444498,25,18728,18728,15677,15677,/home/linbinhao/ECG/ecg_paper_migration_full_20260522_extract/root/autodl-tmp/runs/effnet_vae_noaug_k500_v7_sjr_rgq/seed20260601_k500_v7_sjr_rgq_20260530_rep1/ningbo_realall_targetheavy_M20_lam0p05_augmix_s2_wlat0p25_hs3_target_macro_auprc_cdhypminormsttc_hlabelcom_anchor_soft_sta_local_random_p120_fullft_k500_noaugmix_ep30_seed20260601/eval_pn2021_c_v7_ningbo_exclrefs_stream_standard_dropallzero.json,25 corruption-severity unit mean; all-zero labels dropped per unit
PN2021-C drop-all-zero,EfficientNet1DV2,vae_augmix,VAE+AugMix,chapman_shaoxing,0.8869023219425868,0.6014862874997242,25,5322,5322,4425,4425,/home/linbinhao/ECG/ecg_paper_migration_full_20260522_extract/root/autodl-tmp/runs/pn2021c_direct_vs_vae_augmix_mainline_v7_k500_20260605/EfficientNet1DV2/vae_lhat/chapman_shaoxing/eval_pn2021_c_v7_refexcluded_stream_standard_dropallzero.json,25 corruption-severity unit mean; all-zero labels dropped per unit
PN2021-C drop-all-zero,EfficientNet1DV2,vae_augmix,VAE+AugMix,cpsc_2018,0.9046036943861112,0.7704203592654497,25,4246,4246,2131,2131,/home/linbinhao/ECG/ecg_paper_migration_full_20260522_extract/root/autodl-tmp/runs/pn2021c_direct_vs_vae_augmix_mainline_v7_k500_20260605/EfficientNet1DV2/vae_lhat/cpsc_2018/eval_pn2021_c_v7_refexcluded_stream_standard_dropallzero.json,25 corruption-severity unit mean; all-zero labels dropped per unit
PN2021-C drop-all-zero,EfficientNet1DV2,vae_augmix,VAE+AugMix,georgia,0.8099418359359644,0.655002152495972,25,8213,8213,1631,1631,/home/linbinhao/ECG/ecg_paper_migration_full_20260522_extract/root/autodl-tmp/runs/pn2021c_direct_vs_vae_augmix_mainline_v7_k500_20260605/EfficientNet1DV2/vae_lhat/georgia/eval_pn2021_c_v7_refexcluded_stream_standard_dropallzero.json,25 corruption-severity unit mean; all-zero labels dropped per unit
PN2021-C drop-all-zero,EfficientNet1DV2,vae_augmix,VAE+AugMix,ningbo,0.8817443877833747,0.6400865658592324,25,18743,18743,15662,15662,/home/linbinhao/ECG/ecg_paper_migration_full_20260522_extract/root/autodl-tmp/runs/pn2021c_direct_vs_vae_augmix_mainline_v7_k500_20260605/EfficientNet1DV2/vae_lhat/ningbo/eval_pn2021_c_v7_refexcluded_stream_standard_dropallzero.json,25 corruption-severity unit mean; all-zero labels dropped per unit
PN2021-C drop-all-zero,ECGFounder,source_ptbxl,仅PTBXL训练,chapman_shaoxing,0.8951653912636519,0.6044257679636983,25,5322,5322,4425,4425,/home/linbinhao/ECG/ecg_paper_migration_full_20260522_extract/root/autodl-tmp/runs/pn2021c_direct_vs_vae_augmix_mainline_v7_k500_20260605/ecgfounder/source_ptbxl_linear/chapman_shaoxing/eval_pn2021_c_v7_refexcluded_stream_standard_dropallzero.json,25 corruption-severity unit mean; all-zero labels dropped per unit
PN2021-C drop-all-zero,ECGFounder,source_ptbxl,仅PTBXL训练,cpsc_2018,0.85536264273311,0.6618073023210329,25,4246,4246,2131,2131,/home/linbinhao/ECG/ecg_paper_migration_full_20260522_extract/root/autodl-tmp/runs/pn2021c_direct_vs_vae_augmix_mainline_v7_k500_20260605/ecgfounder/source_ptbxl_linear/cpsc_2018/eval_pn2021_c_v7_refexcluded_stream_standard_dropallzero.json,25 corruption-severity unit mean; all-zero labels dropped per unit
PN2021-C drop-all-zero,ECGFounder,source_ptbxl,仅PTBXL训练,georgia,0.8474423807845699,0.7188531925370107,25,8213,8213,1631,1631,/home/linbinhao/ECG/ecg_paper_migration_full_20260522_extract/root/autodl-tmp/runs/pn2021c_direct_vs_vae_augmix_mainline_v7_k500_20260605/ecgfounder/source_ptbxl_linear/georgia/eval_pn2021_c_v7_refexcluded_stream_standard_dropallzero.json,25 corruption-severity unit mean; all-zero labels dropped per unit
PN2021-C drop-all-zero,ECGFounder,source_ptbxl,仅PTBXL训练,ningbo,0.8874397091802999,0.6476133019432093,25,18743,18743,15662,15662,/home/linbinhao/ECG/ecg_paper_migration_full_20260522_extract/root/autodl-tmp/runs/pn2021c_direct_vs_vae_augmix_mainline_v7_k500_20260605/ecgfounder/source_ptbxl_linear/ningbo/eval_pn2021_c_v7_refexcluded_stream_standard_dropallzero.json,25 corruption-severity unit mean; all-zero labels dropped per unit
PN2021-C drop-all-zero,ECGFounder,direct,直接微调,chapman_shaoxing,0.9263822358133162,0.6629997821479572,25,5322,5322,4425,4425,/home/linbinhao/ECG/ecg_paper_migration_full_20260522_extract/root/autodl-tmp/runs/pn2021c_direct_vs_vae_augmix_mainline_v7_k500_20260605/ecgfounder/direct/chapman_shaoxing/eval_pn2021_c_v7_refexcluded_stream_standard_dropallzero.json,25 corruption-severity unit mean; all-zero labels dropped per unit
PN2021-C drop-all-zero,ECGFounder,direct,直接微调,cpsc_2018,0.9076392351625181,0.7634754671709794,25,4246,4246,2131,2131,/home/linbinhao/ECG/ecg_paper_migration_full_20260522_extract/root/autodl-tmp/runs/pn2021c_direct_vs_vae_augmix_mainline_v7_k500_20260605/ecgfounder/direct/cpsc_2018/eval_pn2021_c_v7_refexcluded_stream_standard_dropallzero.json,25 corruption-severity unit mean; all-zero labels dropped per unit
PN2021-C drop-all-zero,ECGFounder,direct,直接微调,georgia,0.8820330098271275,0.7721363749817441,25,8213,8213,1631,1631,/home/linbinhao/ECG/ecg_paper_migration_full_20260522_extract/root/autodl-tmp/runs/pn2021c_direct_vs_vae_augmix_mainline_v7_k500_20260605/ecgfounder/direct/georgia/eval_pn2021_c_v7_refexcluded_stream_standard_dropallzero.json,25 corruption-severity unit mean; all-zero labels dropped per unit
PN2021-C drop-all-zero,ECGFounder,direct,直接微调,ningbo,0.9223221118241697,0.7161118243725263,25,18743,18743,15662,15662,/home/linbinhao/ECG/ecg_paper_migration_full_20260522_extract/root/autodl-tmp/runs/pn2021c_direct_vs_vae_augmix_mainline_v7_k500_20260605/ecgfounder/direct/ningbo/eval_pn2021_c_v7_refexcluded_stream_standard_dropallzero.json,25 corruption-severity unit mean; all-zero labels dropped per unit
PN2021-C drop-all-zero,ECGFounder,vae_noaug,VAE-only,chapman_shaoxing,0.9263822358133162,0.6629997821479572,25,5322,5322,4425,4425,/home/linbinhao/ECG/ecg_paper_migration_full_20260522_extract/root/autodl-tmp/runs/pn2021c_direct_vs_vae_augmix_mainline_v7_k500_20260605/ecgfounder/vae_lhat_noaug/chapman_shaoxing/eval_pn2021_c_v7_refexcluded_stream_standard_dropallzero.json,25 corruption-severity unit mean; all-zero labels dropped per unit
PN2021-C drop-all-zero,ECGFounder,vae_noaug,VAE-only,cpsc_2018,0.9292775968088899,0.8247705522576001,25,4246,4246,2131,2131,/home/linbinhao/ECG/ecg_paper_migration_full_20260522_extract/root/autodl-tmp/runs/pn2021c_direct_vs_vae_augmix_mainline_v7_k500_20260605/ecgfounder/vae_lhat_noaug/cpsc_2018/eval_pn2021_c_v7_refexcluded_stream_standard_dropallzero.json,25 corruption-severity unit mean; all-zero labels dropped per unit
PN2021-C drop-all-zero,ECGFounder,vae_noaug,VAE-only,georgia,0.8813798932311566,0.7711975412394125,25,8213,8213,1631,1631,/home/linbinhao/ECG/ecg_paper_migration_full_20260522_extract/root/autodl-tmp/runs/pn2021c_direct_vs_vae_augmix_mainline_v7_k500_20260605/ecgfounder/vae_lhat_noaug/georgia/eval_pn2021_c_v7_refexcluded_stream_standard_dropallzero.json,25 corruption-severity unit mean; all-zero labels dropped per unit
PN2021-C drop-all-zero,ECGFounder,vae_noaug,VAE-only,ningbo,0.9223221118241697,0.7161118243725263,25,18743,18743,15662,15662,/home/linbinhao/ECG/ecg_paper_migration_full_20260522_extract/root/autodl-tmp/runs/pn2021c_direct_vs_vae_augmix_mainline_v7_k500_20260605/ecgfounder/vae_lhat_noaug/ningbo/eval_pn2021_c_v7_refexcluded_stream_standard_dropallzero.json,25 corruption-severity unit mean; all-zero labels dropped per unit
PN2021-C drop-all-zero,ECGFounder,vae_augmix,VAE+AugMix,chapman_shaoxing,0.9263822358133162,0.6629997821479572,25,5322,5322,4425,4425,/home/linbinhao/ECG/ecg_paper_migration_full_20260522_extract/root/autodl-tmp/runs/pn2021c_direct_vs_vae_augmix_mainline_v7_k500_20260605/ecgfounder/vae_lhat_augmix/chapman_shaoxing/eval_pn2021_c_v7_refexcluded_stream_standard_dropallzero.json,25 corruption-severity unit mean; all-zero labels dropped per unit
PN2021-C drop-all-zero,ECGFounder,vae_augmix,VAE+AugMix,cpsc_2018,0.9402748858517764,0.8521841274497977,25,4246,4246,2131,2131,/home/linbinhao/ECG/ecg_paper_migration_full_20260522_extract/root/autodl-tmp/runs/pn2021c_direct_vs_vae_augmix_mainline_v7_k500_20260605/ecgfounder/vae_lhat_augmix/cpsc_2018/eval_pn2021_c_v7_refexcluded_stream_standard_dropallzero.json,25 corruption-severity unit mean; all-zero labels dropped per unit
PN2021-C drop-all-zero,ECGFounder,vae_augmix,VAE+AugMix,georgia,0.881661920214809,0.771814143225316,25,8213,8213,1631,1631,/home/linbinhao/ECG/ecg_paper_migration_full_20260522_extract/root/autodl-tmp/runs/pn2021c_direct_vs_vae_augmix_mainline_v7_k500_20260605/ecgfounder/vae_lhat_augmix/georgia/eval_pn2021_c_v7_refexcluded_stream_standard_dropallzero.json,25 corruption-severity unit mean; all-zero labels dropped per unit
PN2021-C drop-all-zero,ECGFounder,vae_augmix,VAE+AugMix,ningbo,0.9223221118241697,0.7161118243725263,25,18743,18743,15662,15662,/home/linbinhao/ECG/ecg_paper_migration_full_20260522_extract/root/autodl-tmp/runs/pn2021c_direct_vs_vae_augmix_mainline_v7_k500_20260605/ecgfounder/vae_lhat_augmix/ningbo/eval_pn2021_c_v7_refexcluded_stream_standard_dropallzero.json,25 corruption-severity unit mean; all-zero labels dropped per unit
PN2021-C drop-all-zero,ResNet1D-Wang,direct,直接微调,chapman_shaoxing,0.8713818055166406,0.5829162913906721,25,5322,5322,4425,4425,/home/linbinhao/ECG/ecg_paper_migration_full_20260522_extract/root/autodl-tmp/runs/pn2021c_direct_vs_vae_augmix_mainline_v7_k500_20260605/ResNet1D-Wang/direct/chapman_shaoxing/eval_pn2021_c_v7_refexcluded_stream_standard_dropallzero.json,25 corruption-severity unit mean; all-zero labels dropped per unit
PN2021-C drop-all-zero,ResNet1D-Wang,direct,直接微调,cpsc_2018,0.8780390352316809,0.7272890867831582,25,4246,4246,2131,2131,/home/linbinhao/ECG/ecg_paper_migration_full_20260522_extract/root/autodl-tmp/runs/pn2021c_direct_vs_vae_augmix_mainline_v7_k500_20260605/ResNet1D-Wang/direct/cpsc_2018/eval_pn2021_c_v7_refexcluded_stream_standard_dropallzero.json,25 corruption-severity unit mean; all-zero labels dropped per unit
PN2021-C drop-all-zero,ResNet1D-Wang,direct,直接微调,georgia,0.7968575127160337,0.6322407849277921,25,8213,8213,1631,1631,/home/linbinhao/ECG/ecg_paper_migration_full_20260522_extract/root/autodl-tmp/runs/pn2021c_direct_vs_vae_augmix_mainline_v7_k500_20260605/ResNet1D-Wang/direct/georgia/eval_pn2021_c_v7_refexcluded_stream_standard_dropallzero.json,25 corruption-severity unit mean; all-zero labels dropped per unit
PN2021-C drop-all-zero,ResNet1D-Wang,direct,直接微调,ningbo,0.8716548144520322,0.6284262111114899,25,18743,18743,15662,15662,/home/linbinhao/ECG/ecg_paper_migration_full_20260522_extract/root/autodl-tmp/runs/pn2021c_direct_vs_vae_augmix_mainline_v7_k500_20260605/ResNet1D-Wang/direct/ningbo/eval_pn2021_c_v7_refexcluded_stream_standard_dropallzero.json,25 corruption-severity unit mean; all-zero labels dropped per unit
PN2021-C drop-all-zero,ResNet1D-Wang,vae_noaug,VAE-only,chapman_shaoxing,0.8687668882461242,0.5849313685297575,25,5322,5322,4425,4425,/home/linbinhao/ECG/ecg_paper_migration_full_20260522_extract/root/autodl-tmp/runs/pn2021c_direct_vs_vae_augmix_mainline_v7_k500_20260605/ResNet1D-Wang/vae_noaug/chapman_shaoxing/eval_pn2021_c_v7_refexcluded_stream_standard_dropallzero.json,25 corruption-severity unit mean; all-zero labels dropped per unit
PN2021-C drop-all-zero,ResNet1D-Wang,vae_noaug,VAE-only,cpsc_2018,0.8933631219869124,0.7709040025799812,25,4246,4246,2131,2131,/home/linbinhao/ECG/ecg_paper_migration_full_20260522_extract/root/autodl-tmp/runs/pn2021c_direct_vs_vae_augmix_mainline_v7_k500_20260605/ResNet1D-Wang/vae_noaug/cpsc_2018/eval_pn2021_c_v7_refexcluded_stream_standard_dropallzero.json,25 corruption-severity unit mean; all-zero labels dropped per unit
PN2021-C drop-all-zero,ResNet1D-Wang,vae_noaug,VAE-only,georgia,0.8016556251226391,0.6466489214349092,25,8213,8213,1631,1631,/home/linbinhao/ECG/ecg_paper_migration_full_20260522_extract/root/autodl-tmp/runs/pn2021c_direct_vs_vae_augmix_mainline_v7_k500_20260605/ResNet1D-Wang/vae_noaug/georgia/eval_pn2021_c_v7_refexcluded_stream_standard_dropallzero.json,25 corruption-severity unit mean; all-zero labels dropped per unit
PN2021-C drop-all-zero,ResNet1D-Wang,vae_noaug,VAE-only,ningbo,0.8716548144520322,0.6284262111114899,25,18743,18743,15662,15662,/home/linbinhao/ECG/ecg_paper_migration_full_20260522_extract/root/autodl-tmp/runs/pn2021c_direct_vs_vae_augmix_mainline_v7_k500_20260605/ResNet1D-Wang/vae_noaug/ningbo/eval_pn2021_c_v7_refexcluded_stream_standard_dropallzero.json,25 corruption-severity unit mean; all-zero labels dropped per unit
PN2021-C drop-all-zero,ResNet1D-Wang,vae_augmix,VAE+AugMix,chapman_shaoxing,0.8751587809432769,0.5948030211958979,25,5322,5322,4425,4425,/home/linbinhao/ECG/ecg_paper_migration_full_20260522_extract/root/autodl-tmp/runs/pn2021c_direct_vs_vae_augmix_mainline_v7_k500_20260605/ResNet1D-Wang/vae_lhat/chapman_shaoxing/eval_pn2021_c_v7_refexcluded_stream_standard_dropallzero.json,25 corruption-severity unit mean; all-zero labels dropped per unit
PN2021-C drop-all-zero,ResNet1D-Wang,vae_augmix,VAE+AugMix,cpsc_2018,0.8935057846580791,0.7703311163784439,25,4246,4246,2131,2131,/home/linbinhao/ECG/ecg_paper_migration_full_20260522_extract/root/autodl-tmp/runs/pn2021c_direct_vs_vae_augmix_mainline_v7_k500_20260605/ResNet1D-Wang/vae_lhat/cpsc_2018/eval_pn2021_c_v7_refexcluded_stream_standard_dropallzero.json,25 corruption-severity unit mean; all-zero labels dropped per unit
PN2021-C drop-all-zero,ResNet1D-Wang,vae_augmix,VAE+AugMix,georgia,0.800710548723855,0.6442537723871316,25,8213,8213,1631,1631,/home/linbinhao/ECG/ecg_paper_migration_full_20260522_extract/root/autodl-tmp/runs/pn2021c_direct_vs_vae_augmix_mainline_v7_k500_20260605/ResNet1D-Wang/vae_lhat/georgia/eval_pn2021_c_v7_refexcluded_stream_standard_dropallzero.json,25 corruption-severity unit mean; all-zero labels dropped per unit
PN2021-C drop-all-zero,ResNet1D-Wang,vae_augmix,VAE+AugMix,ningbo,0.8716548144520322,0.6284262111114899,25,18743,18743,15662,15662,/home/linbinhao/ECG/ecg_paper_migration_full_20260522_extract/root/autodl-tmp/runs/pn2021c_direct_vs_vae_augmix_mainline_v7_k500_20260605/ResNet1D-Wang/vae_lhat/ningbo/eval_pn2021_c_v7_refexcluded_stream_standard_dropallzero.json,25 corruption-severity unit mean; all-zero labels dropped per unit
PN2021-C drop-all-zero,Inception1D,direct,直接微调,chapman_shaoxing,0.88679401197217,0.6229283055593978,25,5322,5322,4425,4425,/home/linbinhao/ECG/ecg_paper_migration_full_20260522_extract/root/autodl-tmp/runs/pn2021c_direct_vs_vae_augmix_mainline_v7_k500_20260605/Inception1D/direct/chapman_shaoxing/eval_pn2021_c_v7_refexcluded_stream_standard_dropallzero.json,25 corruption-severity unit mean; all-zero labels dropped per unit
PN2021-C drop-all-zero,Inception1D,direct,直接微调,cpsc_2018,0.8949472833472278,0.751494730077924,25,4246,4246,2131,2131,/home/linbinhao/ECG/ecg_paper_migration_full_20260522_extract/root/autodl-tmp/runs/pn2021c_direct_vs_vae_augmix_mainline_v7_k500_20260605/Inception1D/direct/cpsc_2018/eval_pn2021_c_v7_refexcluded_stream_standard_dropallzero.json,25 corruption-severity unit mean; all-zero labels dropped per unit
PN2021-C drop-all-zero,Inception1D,direct,直接微调,georgia,0.8122884912419723,0.6580799181793803,25,8213,8213,1631,1631,/home/linbinhao/ECG/ecg_paper_migration_full_20260522_extract/root/autodl-tmp/runs/pn2021c_direct_vs_vae_augmix_mainline_v7_k500_20260605/Inception1D/direct/georgia/eval_pn2021_c_v7_refexcluded_stream_standard_dropallzero.json,25 corruption-severity unit mean; all-zero labels dropped per unit
PN2021-C drop-all-zero,Inception1D,direct,直接微调,ningbo,0.8804341302442944,0.6558461562717974,25,18743,18743,15662,15662,/home/linbinhao/ECG/ecg_paper_migration_full_20260522_extract/root/autodl-tmp/runs/pn2021c_direct_vs_vae_augmix_mainline_v7_k500_20260605/Inception1D/direct/ningbo/eval_pn2021_c_v7_refexcluded_stream_standard_dropallzero.json,25 corruption-severity unit mean; all-zero labels dropped per unit
PN2021-C drop-all-zero,Inception1D,vae_noaug,VAE-only,chapman_shaoxing,0.88679401197217,0.6229283055593978,25,5322,5322,4425,4425,/home/linbinhao/ECG/ecg_paper_migration_full_20260522_extract/root/autodl-tmp/runs/pn2021c_direct_vs_vae_augmix_mainline_v7_k500_20260605/Inception1D/vae_noaug/chapman_shaoxing/eval_pn2021_c_v7_refexcluded_stream_standard_dropallzero.json,25 corruption-severity unit mean; all-zero labels dropped per unit
PN2021-C drop-all-zero,Inception1D,vae_noaug,VAE-only,cpsc_2018,0.9105597314580403,0.7974625216886978,25,4246,4246,2131,2131,/home/linbinhao/ECG/ecg_paper_migration_full_20260522_extract/root/autodl-tmp/runs/pn2021c_direct_vs_vae_augmix_mainline_v7_k500_20260605/Inception1D/vae_noaug/cpsc_2018/eval_pn2021_c_v7_refexcluded_stream_standard_dropallzero.json,25 corruption-severity unit mean; all-zero labels dropped per unit
PN2021-C drop-all-zero,Inception1D,vae_noaug,VAE-only,georgia,0.8075537813359487,0.6563551270342344,25,8213,8213,1631,1631,/home/linbinhao/ECG/ecg_paper_migration_full_20260522_extract/root/autodl-tmp/runs/pn2021c_direct_vs_vae_augmix_mainline_v7_k500_20260605/Inception1D/vae_noaug/georgia/eval_pn2021_c_v7_refexcluded_stream_standard_dropallzero.json,25 corruption-severity unit mean; all-zero labels dropped per unit
PN2021-C drop-all-zero,Inception1D,vae_noaug,VAE-only,ningbo,0.8804341302442944,0.6558461562717974,25,18743,18743,15662,15662,/home/linbinhao/ECG/ecg_paper_migration_full_20260522_extract/root/autodl-tmp/runs/pn2021c_direct_vs_vae_augmix_mainline_v7_k500_20260605/Inception1D/vae_noaug/ningbo/eval_pn2021_c_v7_refexcluded_stream_standard_dropallzero.json,25 corruption-severity unit mean; all-zero labels dropped per unit
PN2021-C drop-all-zero,Inception1D,vae_augmix,VAE+AugMix,chapman_shaoxing,0.88679401197217,0.6229283055593978,25,5322,5322,4425,4425,/home/linbinhao/ECG/ecg_paper_migration_full_20260522_extract/root/autodl-tmp/runs/pn2021c_direct_vs_vae_augmix_mainline_v7_k500_20260605/Inception1D/vae_lhat/chapman_shaoxing/eval_pn2021_c_v7_refexcluded_stream_standard_dropallzero.json,25 corruption-severity unit mean; all-zero labels dropped per unit
PN2021-C drop-all-zero,Inception1D,vae_augmix,VAE+AugMix,cpsc_2018,0.9111269792666874,0.7975118084025089,25,4246,4246,2131,2131,/home/linbinhao/ECG/ecg_paper_migration_full_20260522_extract/root/autodl-tmp/runs/pn2021c_direct_vs_vae_augmix_mainline_v7_k500_20260605/Inception1D/vae_lhat/cpsc_2018/eval_pn2021_c_v7_refexcluded_stream_standard_dropallzero.json,25 corruption-severity unit mean; all-zero labels dropped per unit
PN2021-C drop-all-zero,Inception1D,vae_augmix,VAE+AugMix,georgia,0.8088001046028054,0.6587350498896384,25,8213,8213,1631,1631,/home/linbinhao/ECG/ecg_paper_migration_full_20260522_extract/root/autodl-tmp/runs/pn2021c_direct_vs_vae_augmix_mainline_v7_k500_20260605/Inception1D/vae_lhat/georgia/eval_pn2021_c_v7_refexcluded_stream_standard_dropallzero.json,25 corruption-severity unit mean; all-zero labels dropped per unit
PN2021-C drop-all-zero,Inception1D,vae_augmix,VAE+AugMix,ningbo,0.8804341302442944,0.6558461562717974,25,18743,18743,15662,15662,/home/linbinhao/ECG/ecg_paper_migration_full_20260522_extract/root/autodl-tmp/runs/pn2021c_direct_vs_vae_augmix_mainline_v7_k500_20260605/Inception1D/vae_lhat/ningbo/eval_pn2021_c_v7_refexcluded_stream_standard_dropallzero.json,25 corruption-severity unit mean; all-zero labels dropped per unit
PN2021-C drop-all-zero,FCN-Wang,direct,直接微调,chapman_shaoxing,0.8686357512456933,0.5733119762258359,25,5322,5322,4425,4425,/home/linbinhao/ECG/ecg_paper_migration_full_20260522_extract/root/autodl-tmp/runs/pn2021c_direct_vs_vae_augmix_mainline_v7_k500_20260605/FCN-Wang/direct/chapman_shaoxing/eval_pn2021_c_v7_refexcluded_stream_standard_dropallzero.json,25 corruption-severity unit mean; all-zero labels dropped per unit
PN2021-C drop-all-zero,FCN-Wang,direct,直接微调,cpsc_2018,0.8628471294461658,0.6881334824003471,25,4246,4246,2131,2131,/home/linbinhao/ECG/ecg_paper_migration_full_20260522_extract/root/autodl-tmp/runs/pn2021c_direct_vs_vae_augmix_mainline_v7_k500_20260605/FCN-Wang/direct/cpsc_2018/eval_pn2021_c_v7_refexcluded_stream_standard_dropallzero.json,25 corruption-severity unit mean; all-zero labels dropped per unit
PN2021-C drop-all-zero,FCN-Wang,direct,直接微调,georgia,0.796276866673143,0.6389523731060588,25,8213,8213,1631,1631,/home/linbinhao/ECG/ecg_paper_migration_full_20260522_extract/root/autodl-tmp/runs/pn2021c_direct_vs_vae_augmix_mainline_v7_k500_20260605/FCN-Wang/direct/georgia/eval_pn2021_c_v7_refexcluded_stream_standard_dropallzero.json,25 corruption-severity unit mean; all-zero labels dropped per unit
PN2021-C drop-all-zero,FCN-Wang,direct,直接微调,ningbo,0.8664128010274508,0.627707284883165,25,18743,18743,15662,15662,/home/linbinhao/ECG/ecg_paper_migration_full_20260522_extract/root/autodl-tmp/runs/pn2021c_direct_vs_vae_augmix_mainline_v7_k500_20260605/FCN-Wang/direct/ningbo/eval_pn2021_c_v7_refexcluded_stream_standard_dropallzero.json,25 corruption-severity unit mean; all-zero labels dropped per unit
PN2021-C drop-all-zero,FCN-Wang,vae_noaug,VAE-only,chapman_shaoxing,0.8686357512456933,0.5733119762258359,25,5322,5322,4425,4425,/home/linbinhao/ECG/ecg_paper_migration_full_20260522_extract/root/autodl-tmp/runs/pn2021c_direct_vs_vae_augmix_mainline_v7_k500_20260605/FCN-Wang/vae_noaug/chapman_shaoxing/eval_pn2021_c_v7_refexcluded_stream_standard_dropallzero.json,25 corruption-severity unit mean; all-zero labels dropped per unit
PN2021-C drop-all-zero,FCN-Wang,vae_noaug,VAE-only,cpsc_2018,0.8821732667048211,0.7387857730691473,25,4246,4246,2131,2131,/home/linbinhao/ECG/ecg_paper_migration_full_20260522_extract/root/autodl-tmp/runs/pn2021c_direct_vs_vae_augmix_mainline_v7_k500_20260605/FCN-Wang/vae_noaug/cpsc_2018/eval_pn2021_c_v7_refexcluded_stream_standard_dropallzero.json,25 corruption-severity unit mean; all-zero labels dropped per unit
PN2021-C drop-all-zero,FCN-Wang,vae_noaug,VAE-only,georgia,0.7880312421224471,0.634720243787838,25,8213,8213,1631,1631,/home/linbinhao/ECG/ecg_paper_migration_full_20260522_extract/root/autodl-tmp/runs/pn2021c_direct_vs_vae_augmix_mainline_v7_k500_20260605/FCN-Wang/vae_noaug/georgia/eval_pn2021_c_v7_refexcluded_stream_standard_dropallzero.json,25 corruption-severity unit mean; all-zero labels dropped per unit
PN2021-C drop-all-zero,FCN-Wang,vae_noaug,VAE-only,ningbo,0.8664128010274508,0.627707284883165,25,18743,18743,15662,15662,/home/linbinhao/ECG/ecg_paper_migration_full_20260522_extract/root/autodl-tmp/runs/pn2021c_direct_vs_vae_augmix_mainline_v7_k500_20260605/FCN-Wang/vae_noaug/ningbo/eval_pn2021_c_v7_refexcluded_stream_standard_dropallzero.json,25 corruption-severity unit mean; all-zero labels dropped per unit
PN2021-C drop-all-zero,FCN-Wang,vae_augmix,VAE+AugMix,chapman_shaoxing,0.8686357512456933,0.5733119762258359,25,5322,5322,4425,4425,/home/linbinhao/ECG/ecg_paper_migration_full_20260522_extract/root/autodl-tmp/runs/pn2021c_direct_vs_vae_augmix_mainline_v7_k500_20260605/FCN-Wang/vae_lhat/chapman_shaoxing/eval_pn2021_c_v7_refexcluded_stream_standard_dropallzero.json,25 corruption-severity unit mean; all-zero labels dropped per unit
PN2021-C drop-all-zero,FCN-Wang,vae_augmix,VAE+AugMix,cpsc_2018,0.882515731931069,0.7391347075658998,25,4246,4246,2131,2131,/home/linbinhao/ECG/ecg_paper_migration_full_20260522_extract/root/autodl-tmp/runs/pn2021c_direct_vs_vae_augmix_mainline_v7_k500_20260605/FCN-Wang/vae_lhat/cpsc_2018/eval_pn2021_c_v7_refexcluded_stream_standard_dropallzero.json,25 corruption-severity unit mean; all-zero labels dropped per unit
PN2021-C drop-all-zero,FCN-Wang,vae_augmix,VAE+AugMix,georgia,0.790663603712709,0.6374202530708123,25,8213,8213,1631,1631,/home/linbinhao/ECG/ecg_paper_migration_full_20260522_extract/root/autodl-tmp/runs/pn2021c_direct_vs_vae_augmix_mainline_v7_k500_20260605/FCN-Wang/vae_lhat/georgia/eval_pn2021_c_v7_refexcluded_stream_standard_dropallzero.json,25 corruption-severity unit mean; all-zero labels dropped per unit
PN2021-C drop-all-zero,FCN-Wang,vae_augmix,VAE+AugMix,ningbo,0.8664128010274508,0.627707284883165,25,18743,18743,15662,15662,/home/linbinhao/ECG/ecg_paper_migration_full_20260522_extract/root/autodl-tmp/runs/pn2021c_direct_vs_vae_augmix_mainline_v7_k500_20260605/FCN-Wang/vae_lhat/ningbo/eval_pn2021_c_v7_refexcluded_stream_standard_dropallzero.json,25 corruption-severity unit mean; all-zero labels dropped per unit
