dataset,model,variant,variant_label,center,drop_all_zero_macro_auroc,drop_all_zero_macro_auprc,source,note
PN2021 clean drop-all-zero,ECGFounder,source_ptbxl,仅PTBXL训练,ningbo,0.897410948142069,0.6628201888455786,/home/linbinhao/ECG/ecg_paper_migration_full_20260522_extract/root/autodl-tmp/runs/ecgfounder_direct_k500_v7_sjr_rgq/mainline_v7_k500_4gpu_20260605/ningbo/runs/ningbo_K500_fromK500_headft_ep50_seed20260531/drop_all_zero_reeval.json,ECGFounder direct-run reeval baseline/source head
PN2021 clean drop-all-zero,ECGFounder,source_ptbxl,仅PTBXL训练,chapman_shaoxing,0.902004729573737,0.618929066774672,/home/linbinhao/ECG/ecg_paper_migration_full_20260522_extract/root/autodl-tmp/runs/ecgfounder_direct_k500_v7_sjr_rgq/mainline_v7_k500_4gpu_20260605/chapman_shaoxing/runs/chapman_shaoxing_K500_fromK500_headft_ep50_seed20260531/drop_all_zero_reeval.json,ECGFounder direct-run reeval baseline/source head
PN2021 clean drop-all-zero,ECGFounder,source_ptbxl,仅PTBXL训练,cpsc_2018,0.8608540346226136,0.6798458920828626,/home/linbinhao/ECG/ecg_paper_migration_full_20260522_extract/root/autodl-tmp/runs/ecgfounder_direct_k500_v7_sjr_rgq/mainline_v7_k500_4gpu_20260605/cpsc_2018/runs/cpsc_2018_K500_fromK500_headft_ep50_seed20260531/drop_all_zero_reeval.json,ECGFounder direct-run reeval baseline/source head
PN2021 clean drop-all-zero,ECGFounder,source_ptbxl,仅PTBXL训练,georgia,0.8545536815800724,0.729611654603923,/home/linbinhao/ECG/ecg_paper_migration_full_20260522_extract/root/autodl-tmp/runs/ecgfounder_direct_k500_v7_sjr_rgq/mainline_v7_k500_4gpu_20260605/georgia/runs/georgia_K500_fromK500_headft_ep50_seed20260531/drop_all_zero_reeval.json,ECGFounder direct-run reeval baseline/source head
PN2021 clean drop-all-zero,ECGFounder,direct,直接微调,ningbo,0.930801321464022,0.7286491708414475,/home/linbinhao/ECG/ecg_paper_migration_full_20260522_extract/root/autodl-tmp/runs/ecgfounder_direct_k500_v7_sjr_rgq/mainline_v7_k500_4gpu_20260605/ningbo/runs/ningbo_K500_fromK500_headft_ep50_seed20260531/drop_all_zero_reeval.json,ECGFounder direct-run reeval final head
PN2021 clean drop-all-zero,ECGFounder,direct,直接微调,chapman_shaoxing,0.9335993104182526,0.68217645904956,/home/linbinhao/ECG/ecg_paper_migration_full_20260522_extract/root/autodl-tmp/runs/ecgfounder_direct_k500_v7_sjr_rgq/mainline_v7_k500_4gpu_20260605/chapman_shaoxing/runs/chapman_shaoxing_K500_fromK500_headft_ep50_seed20260531/drop_all_zero_reeval.json,ECGFounder direct-run reeval final head
PN2021 clean drop-all-zero,ECGFounder,direct,直接微调,cpsc_2018,0.9119492923696315,0.7771619825777046,/home/linbinhao/ECG/ecg_paper_migration_full_20260522_extract/root/autodl-tmp/runs/ecgfounder_direct_k500_v7_sjr_rgq/mainline_v7_k500_4gpu_20260605/cpsc_2018/runs/cpsc_2018_K500_fromK500_headft_ep50_seed20260531/drop_all_zero_reeval.json,ECGFounder direct-run reeval final head
PN2021 clean drop-all-zero,ECGFounder,direct,直接微调,georgia,0.8901298288873785,0.784893318710483,/home/linbinhao/ECG/ecg_paper_migration_full_20260522_extract/root/autodl-tmp/runs/ecgfounder_direct_k500_v7_sjr_rgq/mainline_v7_k500_4gpu_20260605/georgia/runs/georgia_K500_fromK500_headft_ep50_seed20260531/drop_all_zero_reeval.json,ECGFounder direct-run reeval final head
PN2021 clean drop-all-zero,ECGFounder,vae_noaug,VAE-only,ningbo,0.930801321464022,0.7286491708414475,/home/linbinhao/ECG/ecg_paper_migration_full_20260522_extract/root/autodl-tmp/runs/ecgfounder_vae_lhat_k500_v7_sjr_rgq/mainline_v7_k500_4gpu_20260605/ningbo/runs/ningbo_K500_M20_lam0p15_ep20_seed20260531/eval_result.json,mainline ECGFounder VAE-LHAT noAug
PN2021 clean drop-all-zero,ECGFounder,vae_noaug,VAE-only,chapman_shaoxing,0.9329332222935353,0.7023516402090102,/home/linbinhao/ECG/ecg_paper_migration_full_20260522_extract/root/autodl-tmp/runs/ecgfounder_vae_lhat_k500_v7_sjr_rgq/mainline_v7_k500_4gpu_20260605/chapman_shaoxing/runs/chapman_shaoxing_K500_M20_lam0p15_ep20_seed20260531/eval_result.json,mainline ECGFounder VAE-LHAT noAug
PN2021 clean drop-all-zero,ECGFounder,vae_noaug,VAE-only,cpsc_2018,0.9327449834223259,0.8386863736084303,/home/linbinhao/ECG/ecg_paper_migration_full_20260522_extract/root/autodl-tmp/runs/ecgfounder_vae_lhat_k500_v7_sjr_rgq/mainline_v7_k500_4gpu_20260605/cpsc_2018/runs/cpsc_2018_K500_M20_lam0p15_ep20_seed20260531/eval_result.json,mainline ECGFounder VAE-LHAT noAug
PN2021 clean drop-all-zero,ECGFounder,vae_noaug,VAE-only,georgia,0.891913711540202,0.7868796824763933,/home/linbinhao/ECG/ecg_paper_migration_full_20260522_extract/root/autodl-tmp/runs/ecgfounder_vae_lhat_k500_v7_sjr_rgq/mainline_v7_k500_4gpu_20260605/georgia/runs/georgia_K500_M20_lam0p15_ep20_seed20260531/eval_result.json,mainline ECGFounder VAE-LHAT noAug
PN2021 clean drop-all-zero,ECGFounder,vae_augmix,VAE+AugMix,ningbo,0.930801321464022,0.7286491708414475,/home/linbinhao/ECG/ecg_paper_migration_full_20260522_extract/root/autodl-tmp/runs/ecgfounder_vae_lhat_augmix_k500_v7_sjr_rgq/mainline_v7_k500_4gpu_20260605/ningbo/runs/ningbo_K500_M20_lam0p15_ep20_seed20260531/eval_result.json,dedicated ECGFounder AugMix run
PN2021 clean drop-all-zero,ECGFounder,vae_augmix,VAE+AugMix,chapman_shaoxing,0.9329332222935353,0.7023516402090102,/home/linbinhao/ECG/ecg_paper_migration_full_20260522_extract/root/autodl-tmp/runs/ecgfounder_vae_lhat_augmix_k500_v7_sjr_rgq/mainline_v7_k500_4gpu_20260605/chapman_shaoxing/runs/chapman_shaoxing_K500_M20_lam0p15_ep20_seed20260531/eval_result.json,dedicated ECGFounder AugMix run
PN2021 clean drop-all-zero,ECGFounder,vae_augmix,VAE+AugMix,cpsc_2018,0.9415965551860676,0.8542701835134858,/home/linbinhao/ECG/ecg_paper_migration_full_20260522_extract/root/autodl-tmp/runs/ecgfounder_vae_lhat_augmix_k500_v7_sjr_rgq/mainline_v7_k500_4gpu_20260605/cpsc_2018/runs/cpsc_2018_K500_M20_lam0p15_ep20_seed20260531/eval_result.json,dedicated ECGFounder AugMix run
PN2021 clean drop-all-zero,ECGFounder,vae_augmix,VAE+AugMix,georgia,0.8919661244059932,0.7869391783791984,/home/linbinhao/ECG/ecg_paper_migration_full_20260522_extract/root/autodl-tmp/runs/ecgfounder_vae_lhat_augmix_k500_v7_sjr_rgq/mainline_v7_k500_4gpu_20260605/georgia/runs/georgia_K500_M20_lam0p15_ep20_seed20260531/eval_result.json,dedicated ECGFounder AugMix run
PN2021 clean drop-all-zero,EfficientNet1DV2,source_ptbxl,仅PTBXL训练,ningbo,0.8913238368022632,0.6510154534978668,/home/linbinhao/ECG/ecg_paper_migration_full_20260522_extract/root/autodl-tmp/runs/source_ptbxl_v7_refexcluded_20260605/EfficientNet1DV2/eval_result_v7_exclrefs_crop1000.json,source PTB-XL clean PN2021 eval
PN2021 clean drop-all-zero,EfficientNet1DV2,source_ptbxl,仅PTBXL训练,chapman_shaoxing,0.8955035036534935,0.6044260596875406,/home/linbinhao/ECG/ecg_paper_migration_full_20260522_extract/root/autodl-tmp/runs/source_ptbxl_v7_refexcluded_20260605/EfficientNet1DV2/eval_result_v7_exclrefs_crop1000.json,source PTB-XL clean PN2021 eval
PN2021 clean drop-all-zero,EfficientNet1DV2,source_ptbxl,仅PTBXL训练,cpsc_2018,0.862723701361601,0.6949741270940386,/home/linbinhao/ECG/ecg_paper_migration_full_20260522_extract/root/autodl-tmp/runs/source_ptbxl_v7_refexcluded_20260605/EfficientNet1DV2/eval_result_v7_exclrefs_crop1000.json,source PTB-XL clean PN2021 eval
PN2021 clean drop-all-zero,EfficientNet1DV2,source_ptbxl,仅PTBXL训练,georgia,0.8232746552496031,0.6736634989475094,/home/linbinhao/ECG/ecg_paper_migration_full_20260522_extract/root/autodl-tmp/runs/source_ptbxl_v7_refexcluded_20260605/EfficientNet1DV2/eval_result_v7_exclrefs_crop1000.json,source PTB-XL clean PN2021 eval
PN2021 clean drop-all-zero,EfficientNet1DV2,direct,直接微调,ningbo,0.9002705163856074,0.6641406654789915,/home/linbinhao/ECG/ecg_paper_migration_full_20260522_extract/root/autodl-tmp/runs/effnet_direct_k500_v7_sjr_rgq_matrix/mainline_v7_k500_4gpu_20260605/ningbo/runs/ningbo_K500_direct_ft_ep30_seed20260531_val0.2/eval_result_v7_super5_sjr_rgq_review_exclrefs_crop1000.json,mainline direct
PN2021 clean drop-all-zero,EfficientNet1DV2,direct,直接微调,chapman_shaoxing,0.9035468161599358,0.6154892680853061,/home/linbinhao/ECG/ecg_paper_migration_full_20260522_extract/root/autodl-tmp/runs/effnet_direct_k500_v7_sjr_rgq_matrix/mainline_v7_k500_4gpu_20260605/chapman_shaoxing/runs/chapman_shaoxing_K500_direct_ft_ep30_seed20260531_val0.2/eval_result_v7_super5_sjr_rgq_review_exclrefs_crop1000.json,mainline direct
PN2021 clean drop-all-zero,EfficientNet1DV2,direct,直接微调,cpsc_2018,0.8735893669150472,0.7087393467010141,/home/linbinhao/ECG/ecg_paper_migration_full_20260522_extract/root/autodl-tmp/runs/effnet_direct_k500_v7_sjr_rgq_matrix/mainline_v7_k500_4gpu_20260605/cpsc_2018/runs/cpsc_2018_K500_direct_ft_ep30_seed20260531_val0.2/eval_result_v7_super5_sjr_rgq_review_exclrefs_crop1000.json,mainline direct
PN2021 clean drop-all-zero,EfficientNet1DV2,direct,直接微调,georgia,0.8276874955734369,0.6781399433270241,/home/linbinhao/ECG/ecg_paper_migration_full_20260522_extract/root/autodl-tmp/runs/effnet_direct_k500_v7_sjr_rgq_matrix/mainline_v7_k500_4gpu_20260605/georgia/runs/georgia_K500_direct_ft_ep30_seed20260531_val0.2/eval_result_v7_super5_sjr_rgq_review_exclrefs_crop1000.json,mainline direct
PN2021 clean drop-all-zero,EfficientNet1DV2,vae_noaug,VAE-only,ningbo,0.9082210017524522,0.6979450319119638,/home/linbinhao/ECG/ecg_paper_migration_full_20260522_extract/root/autodl-tmp/runs/effnet_vae_noaug_k500_v7_sjr_rgq/seed20260601_k500_v7_sjr_rgq_20260530_rep1/ningbo_realall_targetheavy_M20_lam0p05_augmix_s2_wlat0p25_hs3_target_macro_auprc_cdhypminormsttc_hlabelcom_anchor_soft_sta_local_random_p120_fullft_k500_noaugmix_ep30_seed20260601/eval_result_v7_exclrefs_crop1000.json,prior noAug seed20260601 run
PN2021 clean drop-all-zero,EfficientNet1DV2,vae_noaug,VAE-only,chapman_shaoxing,0.9153182175286171,0.6828362804432342,/home/linbinhao/ECG/ecg_paper_migration_full_20260522_extract/root/autodl-tmp/runs/effnet_vae_noaug_k500_v7_sjr_rgq/seed20260601_k500_v7_sjr_rgq_20260530_rep1/chapman_shaoxing_realall_targetheavy_M20_lam0p05_augmix_s2_wlat0p25_hs3_target_macro_auprc_cdhypminormsttc_hlabelcom_anchor_soft_sta_local_random_p120_fullft_k500_noaugmix_ep30_seed20260601/eval_result_v7_exclrefs_crop1000.json,prior noAug seed20260601 run
PN2021 clean drop-all-zero,EfficientNet1DV2,vae_noaug,VAE-only,cpsc_2018,0.930476034558657,0.8211511323820341,/home/linbinhao/ECG/ecg_paper_migration_full_20260522_extract/root/autodl-tmp/runs/effnet_vae_noaug_k500_v7_sjr_rgq/seed20260601_k500_v7_sjr_rgq_20260530_rep1/cpsc_2018_realall_targetheavy_M20_lam0p05_augmix_s2_wlat0p25_hs3_target_macro_auprc_cdhypminormsttc_hlabelcom_anchor_soft_sta_local_random_p120_fullft_k500_noaugmix_ep30_seed20260601/eval_result_v7_exclrefs_crop1000.json,prior noAug seed20260601 run
PN2021 clean drop-all-zero,EfficientNet1DV2,vae_noaug,VAE-only,georgia,0.8402165440296467,0.6968380382234474,/home/linbinhao/ECG/ecg_paper_migration_full_20260522_extract/root/autodl-tmp/runs/effnet_vae_noaug_k500_v7_sjr_rgq/seed20260601_k500_v7_sjr_rgq_20260530_rep1/georgia_realall_targetheavy_M20_lam0p05_augmix_s2_wlat0p25_hs3_target_macro_auprc_cdhypminormsttc_hlabelcom_anchor_soft_sta_local_random_p120_fullft_k500_noaugmix_ep30_seed20260601/eval_result_v7_exclrefs_crop1000.json,prior noAug seed20260601 run
PN2021 clean drop-all-zero,EfficientNet1DV2,vae_augmix,VAE+AugMix,ningbo,0.9126017370781468,0.6934656395365606,/home/linbinhao/ECG/ecg_paper_migration_full_20260522_extract/root/autodl-tmp/runs/effnet_vae_lhat_k500_v7_sjr_rgq/mainline_v7_k500_4gpu_20260605/ningbo_realall_targetheavy_M20_lam0p05_augmix_s2_wlat0p25_hs3_target_macro_auprc_cdhypminormsttc_hlabelcom_anchor_soft_sta_local_random_p120_fullft_ep30_seed20260531/eval_result_v7_exclrefs_crop1000.json,mainline VAE-LHAT AugMix branch
PN2021 clean drop-all-zero,EfficientNet1DV2,vae_augmix,VAE+AugMix,chapman_shaoxing,0.9199082086447954,0.6624993082357296,/home/linbinhao/ECG/ecg_paper_migration_full_20260522_extract/root/autodl-tmp/runs/effnet_vae_lhat_k500_v7_sjr_rgq/mainline_v7_k500_4gpu_20260605/chapman_shaoxing_realall_targetheavy_M20_lam0p05_augmix_s2_wlat0p25_hs3_target_macro_auprc_cdhypminormsttc_hlabelcom_anchor_soft_sta_local_random_p120_fullft_ep30_seed20260531/eval_result_v7_exclrefs_crop1000.json,mainline VAE-LHAT AugMix branch
PN2021 clean drop-all-zero,EfficientNet1DV2,vae_augmix,VAE+AugMix,cpsc_2018,0.9307679731389654,0.8235359676402708,/home/linbinhao/ECG/ecg_paper_migration_full_20260522_extract/root/autodl-tmp/runs/effnet_vae_lhat_k500_v7_sjr_rgq/mainline_v7_k500_4gpu_20260605/cpsc_2018_realall_targetheavy_M20_lam0p05_augmix_s2_wlat0p25_hs3_target_macro_auprc_cdhypminormsttc_hlabelcom_anchor_soft_sta_local_random_p120_fullft_ep30_seed20260531/eval_result_v7_exclrefs_crop1000.json,mainline VAE-LHAT AugMix branch
PN2021 clean drop-all-zero,EfficientNet1DV2,vae_augmix,VAE+AugMix,georgia,0.8353002459561546,0.691348491386228,/home/linbinhao/ECG/ecg_paper_migration_full_20260522_extract/root/autodl-tmp/runs/effnet_vae_lhat_k500_v7_sjr_rgq/mainline_v7_k500_4gpu_20260605/georgia_realall_targetheavy_M20_lam0p05_augmix_s2_wlat0p25_hs3_target_macro_auprc_cdhypminormsttc_hlabelcom_anchor_soft_sta_local_random_p120_fullft_ep30_seed20260531/eval_result_v7_exclrefs_crop1000.json,mainline VAE-LHAT AugMix branch
PN2021 clean drop-all-zero,FCN-Wang,direct,直接微调,ningbo,0.8945717605866281,0.6711559931353297,/home/linbinhao/ECG/ecg_paper_migration_full_20260522_extract/root/autodl-tmp/runs/benchmark_fcn_wang_direct_k500_v7_sjr_rgq/mainline_v7_k500_4gpu_20260605/ningbo/runs/ningbo_K500_direct_ft_benchmark_fcn_wang_ep30_seed20260531_val0p2/eval_result_v7_super5_sjr_rgq_review_exclrefs_crop1000.json,mainline direct
PN2021 clean drop-all-zero,FCN-Wang,direct,直接微调,chapman_shaoxing,0.8963052894940555,0.6093710864993074,/home/linbinhao/ECG/ecg_paper_migration_full_20260522_extract/root/autodl-tmp/runs/benchmark_fcn_wang_direct_k500_v7_sjr_rgq/mainline_v7_k500_4gpu_20260605/chapman_shaoxing/runs/chapman_shaoxing_K500_direct_ft_benchmark_fcn_wang_ep30_seed20260531_val0p2/eval_result_v7_super5_sjr_rgq_review_exclrefs_crop1000.json,mainline direct
PN2021 clean drop-all-zero,FCN-Wang,direct,直接微调,cpsc_2018,0.8884346477554711,0.7288299801403655,/home/linbinhao/ECG/ecg_paper_migration_full_20260522_extract/root/autodl-tmp/runs/benchmark_fcn_wang_direct_k500_v7_sjr_rgq/mainline_v7_k500_4gpu_20260605/cpsc_2018/runs/cpsc_2018_K500_direct_ft_benchmark_fcn_wang_ep30_seed20260531_val0p2/eval_result_v7_super5_sjr_rgq_review_exclrefs_crop1000.json,mainline direct
PN2021 clean drop-all-zero,FCN-Wang,direct,直接微调,georgia,0.819946232120606,0.6715701381487372,/home/linbinhao/ECG/ecg_paper_migration_full_20260522_extract/root/autodl-tmp/runs/benchmark_fcn_wang_direct_k500_v7_sjr_rgq/mainline_v7_k500_4gpu_20260605/georgia/runs/georgia_K500_direct_ft_benchmark_fcn_wang_ep30_seed20260531_val0p2/eval_result_v7_super5_sjr_rgq_review_exclrefs_crop1000.json,mainline direct
PN2021 clean drop-all-zero,FCN-Wang,vae_noaug,VAE-only,ningbo,0.8945717605866281,0.6711559931353297,/home/linbinhao/ECG/ecg_paper_migration_full_20260522_extract/root/autodl-tmp/runs/benchmark_fcn_wang_vae_noaug_k500_v7_sjr_rgq/mainline_v7_k500_4gpu_20260605/ningbo_realall_targetheavy_M20_lam0p05_augmix_s2_wlat0p3_hs3_target_macro_auprc_cdhypminormsttc_hlabelcom_anchor_soft_sta_local_random_p120_fullft_noaugmix_ep30_seed20260531/eval_result_v7_exclrefs_crop1000.json,"new noAug fill, seed20260531"
PN2021 clean drop-all-zero,FCN-Wang,vae_noaug,VAE-only,chapman_shaoxing,0.8963052894940555,0.6093710864993074,/home/linbinhao/ECG/ecg_paper_migration_full_20260522_extract/root/autodl-tmp/runs/benchmark_fcn_wang_vae_noaug_k500_v7_sjr_rgq/mainline_v7_k500_4gpu_20260605/chapman_shaoxing_realall_targetheavy_M20_lam0p05_augmix_s2_wlat0p3_hs3_target_macro_auprc_cdhypminormsttc_hlabelcom_anchor_soft_sta_local_random_p120_fullft_noaugmix_ep30_seed20260531/eval_result_v7_exclrefs_crop1000.json,"new noAug fill, seed20260531"
PN2021 clean drop-all-zero,FCN-Wang,vae_noaug,VAE-only,cpsc_2018,0.9114911661996506,0.791902105837582,/home/linbinhao/ECG/ecg_paper_migration_full_20260522_extract/root/autodl-tmp/runs/benchmark_fcn_wang_vae_noaug_k500_v7_sjr_rgq/mainline_v7_k500_4gpu_20260605/cpsc_2018_realall_targetheavy_M20_lam0p05_augmix_s2_wlat0p3_hs3_target_macro_auprc_cdhypminormsttc_hlabelcom_anchor_soft_sta_local_random_p120_fullft_noaugmix_ep30_seed20260531/eval_result_v7_exclrefs_crop1000.json,"new noAug fill, seed20260531"
PN2021 clean drop-all-zero,FCN-Wang,vae_noaug,VAE-only,georgia,0.8199707928501208,0.6807177651686354,/home/linbinhao/ECG/ecg_paper_migration_full_20260522_extract/root/autodl-tmp/runs/benchmark_fcn_wang_vae_noaug_k500_v7_sjr_rgq/mainline_v7_k500_4gpu_20260605/georgia_realall_targetheavy_M20_lam0p05_augmix_s2_wlat0p3_hs3_target_macro_auprc_cdhypminormsttc_hlabelcom_anchor_soft_sta_local_random_p120_fullft_noaugmix_ep30_seed20260531/eval_result_v7_exclrefs_crop1000.json,"new noAug fill, seed20260531"
PN2021 clean drop-all-zero,FCN-Wang,vae_augmix,VAE+AugMix,ningbo,0.8945717605866281,0.6711559931353297,/home/linbinhao/ECG/ecg_paper_migration_full_20260522_extract/root/autodl-tmp/runs/benchmark_fcn_wang_vae_lhat_k500_v7_sjr_rgq/mainline_v7_k500_4gpu_20260605/ningbo_realall_targetheavy_M20_lam0p05_augmix_s2_wlat0p25_hs3_target_macro_auprc_cdhypminormsttc_hlabelcom_anchor_soft_sta_local_random_p120_fullft_ep30_seed20260531/eval_result_v7_exclrefs_crop1000.json,mainline VAE-LHAT AugMix branch
PN2021 clean drop-all-zero,FCN-Wang,vae_augmix,VAE+AugMix,chapman_shaoxing,0.8963052894940555,0.6093710864993074,/home/linbinhao/ECG/ecg_paper_migration_full_20260522_extract/root/autodl-tmp/runs/benchmark_fcn_wang_vae_lhat_k500_v7_sjr_rgq/mainline_v7_k500_4gpu_20260605/chapman_shaoxing_realall_targetheavy_M20_lam0p05_augmix_s2_wlat0p25_hs3_target_macro_auprc_cdhypminormsttc_hlabelcom_anchor_soft_sta_local_random_p120_fullft_ep30_seed20260531/eval_result_v7_exclrefs_crop1000.json,mainline VAE-LHAT AugMix branch
PN2021 clean drop-all-zero,FCN-Wang,vae_augmix,VAE+AugMix,cpsc_2018,0.9114761151182306,0.7911959925371775,/home/linbinhao/ECG/ecg_paper_migration_full_20260522_extract/root/autodl-tmp/runs/benchmark_fcn_wang_vae_lhat_k500_v7_sjr_rgq/mainline_v7_k500_4gpu_20260605/cpsc_2018_realall_targetheavy_M20_lam0p05_augmix_s2_wlat0p25_hs3_target_macro_auprc_cdhypminormsttc_hlabelcom_anchor_soft_sta_local_random_p120_fullft_ep30_seed20260531/eval_result_v7_exclrefs_crop1000.json,mainline VAE-LHAT AugMix branch
PN2021 clean drop-all-zero,FCN-Wang,vae_augmix,VAE+AugMix,georgia,0.8216548596234732,0.6822475989894695,/home/linbinhao/ECG/ecg_paper_migration_full_20260522_extract/root/autodl-tmp/runs/benchmark_fcn_wang_vae_lhat_k500_v7_sjr_rgq/mainline_v7_k500_4gpu_20260605/georgia_realall_targetheavy_M20_lam0p05_augmix_s2_wlat0p25_hs3_target_macro_auprc_cdhypminormsttc_hlabelcom_anchor_soft_sta_local_random_p120_fullft_ep30_seed20260531/eval_result_v7_exclrefs_crop1000.json,mainline VAE-LHAT AugMix branch
PN2021 clean drop-all-zero,Inception1D,direct,直接微调,ningbo,0.9067503006535673,0.70035293367337,/home/linbinhao/ECG/ecg_paper_migration_full_20260522_extract/root/autodl-tmp/runs/benchmark_inception1d_direct_k500_v7_sjr_rgq/mainline_v7_k500_4gpu_20260605/ningbo/runs/ningbo_K500_direct_ft_benchmark_inception1d_ep30_seed20260531_val0p2/eval_result_v7_super5_sjr_rgq_review_exclrefs_crop1000.json,mainline direct
PN2021 clean drop-all-zero,Inception1D,direct,直接微调,chapman_shaoxing,0.9151611703239,0.6589690589362526,/home/linbinhao/ECG/ecg_paper_migration_full_20260522_extract/root/autodl-tmp/runs/benchmark_inception1d_direct_k500_v7_sjr_rgq/mainline_v7_k500_4gpu_20260605/chapman_shaoxing/runs/chapman_shaoxing_K500_direct_ft_benchmark_inception1d_ep30_seed20260531_val0p2/eval_result_v7_super5_sjr_rgq_review_exclrefs_crop1000.json,mainline direct
PN2021 clean drop-all-zero,Inception1D,direct,直接微调,cpsc_2018,0.9168080267733135,0.7886232231547763,/home/linbinhao/ECG/ecg_paper_migration_full_20260522_extract/root/autodl-tmp/runs/benchmark_inception1d_direct_k500_v7_sjr_rgq/mainline_v7_k500_4gpu_20260605/cpsc_2018/runs/cpsc_2018_K500_direct_ft_benchmark_inception1d_ep30_seed20260531_val0p2/eval_result_v7_super5_sjr_rgq_review_exclrefs_crop1000.json,mainline direct
PN2021 clean drop-all-zero,Inception1D,direct,直接微调,georgia,0.8347413243081705,0.6886637998994655,/home/linbinhao/ECG/ecg_paper_migration_full_20260522_extract/root/autodl-tmp/runs/benchmark_inception1d_direct_k500_v7_sjr_rgq/mainline_v7_k500_4gpu_20260605/georgia/runs/georgia_K500_direct_ft_benchmark_inception1d_ep30_seed20260531_val0p2/eval_result_v7_super5_sjr_rgq_review_exclrefs_crop1000.json,mainline direct
PN2021 clean drop-all-zero,Inception1D,vae_noaug,VAE-only,ningbo,0.9067503006535673,0.70035293367337,/home/linbinhao/ECG/ecg_paper_migration_full_20260522_extract/root/autodl-tmp/runs/benchmark_inception1d_vae_noaug_k500_v7_sjr_rgq/mainline_v7_k500_4gpu_20260605/ningbo_realall_targetheavy_M20_lam0p05_augmix_s2_wlat0p3_hs3_target_macro_auprc_cdhypminormsttc_hlabelcom_anchor_soft_sta_local_random_p120_fullft_noaugmix_ep30_seed20260531/eval_result_v7_exclrefs_crop1000.json,"new noAug fill, seed20260531"
PN2021 clean drop-all-zero,Inception1D,vae_noaug,VAE-only,chapman_shaoxing,0.9151611703239,0.6589690589362526,/home/linbinhao/ECG/ecg_paper_migration_full_20260522_extract/root/autodl-tmp/runs/benchmark_inception1d_vae_noaug_k500_v7_sjr_rgq/mainline_v7_k500_4gpu_20260605/chapman_shaoxing_realall_targetheavy_M20_lam0p05_augmix_s2_wlat0p3_hs3_target_macro_auprc_cdhypminormsttc_hlabelcom_anchor_soft_sta_local_random_p120_fullft_noaugmix_ep30_seed20260531/eval_result_v7_exclrefs_crop1000.json,"new noAug fill, seed20260531"
PN2021 clean drop-all-zero,Inception1D,vae_noaug,VAE-only,cpsc_2018,0.9369993027168569,0.8494061984713044,/home/linbinhao/ECG/ecg_paper_migration_full_20260522_extract/root/autodl-tmp/runs/benchmark_inception1d_vae_noaug_k500_v7_sjr_rgq/mainline_v7_k500_4gpu_20260605/cpsc_2018_realall_targetheavy_M20_lam0p05_augmix_s2_wlat0p3_hs3_target_macro_auprc_cdhypminormsttc_hlabelcom_anchor_soft_sta_local_random_p120_fullft_noaugmix_ep30_seed20260531/eval_result_v7_exclrefs_crop1000.json,"new noAug fill, seed20260531"
PN2021 clean drop-all-zero,Inception1D,vae_noaug,VAE-only,georgia,0.8389484676448418,0.7009018509464617,/home/linbinhao/ECG/ecg_paper_migration_full_20260522_extract/root/autodl-tmp/runs/benchmark_inception1d_vae_noaug_k500_v7_sjr_rgq/mainline_v7_k500_4gpu_20260605/georgia_realall_targetheavy_M20_lam0p05_augmix_s2_wlat0p3_hs3_target_macro_auprc_cdhypminormsttc_hlabelcom_anchor_soft_sta_local_random_p120_fullft_noaugmix_ep30_seed20260531/eval_result_v7_exclrefs_crop1000.json,"new noAug fill, seed20260531"
PN2021 clean drop-all-zero,Inception1D,vae_augmix,VAE+AugMix,ningbo,0.9067503006535673,0.70035293367337,/home/linbinhao/ECG/ecg_paper_migration_full_20260522_extract/root/autodl-tmp/runs/benchmark_inception1d_vae_lhat_k500_v7_sjr_rgq/mainline_v7_k500_4gpu_20260605/ningbo_realall_targetheavy_M20_lam0p05_augmix_s2_wlat0p25_hs3_target_macro_auprc_cdhypminormsttc_hlabelcom_anchor_soft_sta_local_random_p120_fullft_ep30_seed20260531/eval_result_v7_exclrefs_crop1000.json,mainline VAE-LHAT AugMix branch
PN2021 clean drop-all-zero,Inception1D,vae_augmix,VAE+AugMix,chapman_shaoxing,0.9151611703239,0.6589690589362526,/home/linbinhao/ECG/ecg_paper_migration_full_20260522_extract/root/autodl-tmp/runs/benchmark_inception1d_vae_lhat_k500_v7_sjr_rgq/mainline_v7_k500_4gpu_20260605/chapman_shaoxing_realall_targetheavy_M20_lam0p05_augmix_s2_wlat0p25_hs3_target_macro_auprc_cdhypminormsttc_hlabelcom_anchor_soft_sta_local_random_p120_fullft_ep30_seed20260531/eval_result_v7_exclrefs_crop1000.json,mainline VAE-LHAT AugMix branch
PN2021 clean drop-all-zero,Inception1D,vae_augmix,VAE+AugMix,cpsc_2018,0.9366078708841564,0.8476685735041717,/home/linbinhao/ECG/ecg_paper_migration_full_20260522_extract/root/autodl-tmp/runs/benchmark_inception1d_vae_lhat_k500_v7_sjr_rgq/mainline_v7_k500_4gpu_20260605/cpsc_2018_realall_targetheavy_M20_lam0p05_augmix_s2_wlat0p25_hs3_target_macro_auprc_cdhypminormsttc_hlabelcom_anchor_soft_sta_local_random_p120_fullft_ep30_seed20260531/eval_result_v7_exclrefs_crop1000.json,mainline VAE-LHAT AugMix branch
PN2021 clean drop-all-zero,Inception1D,vae_augmix,VAE+AugMix,georgia,0.839220041764625,0.7016167496266985,/home/linbinhao/ECG/ecg_paper_migration_full_20260522_extract/root/autodl-tmp/runs/benchmark_inception1d_vae_lhat_k500_v7_sjr_rgq/mainline_v7_k500_4gpu_20260605/georgia_realall_targetheavy_M20_lam0p05_augmix_s2_wlat0p25_hs3_target_macro_auprc_cdhypminormsttc_hlabelcom_anchor_soft_sta_local_random_p120_fullft_ep30_seed20260531/eval_result_v7_exclrefs_crop1000.json,mainline VAE-LHAT AugMix branch
PN2021 clean drop-all-zero,ResNet1D-Wang,direct,直接微调,ningbo,0.9000087543666708,0.6745566029126925,/home/linbinhao/ECG/ecg_paper_migration_full_20260522_extract/root/autodl-tmp/runs/benchmark_resnet1d_wang_direct_k500_v7_sjr_rgq/mainline_v7_k500_4gpu_20260605/ningbo/runs/ningbo_K500_direct_ft_benchmark_resnet1d_wang_ep30_seed20260531_val0p2/eval_result_v7_super5_sjr_rgq_review_exclrefs_crop1000.json,mainline direct
PN2021 clean drop-all-zero,ResNet1D-Wang,direct,直接微调,chapman_shaoxing,0.8952854376960367,0.6299314611107842,/home/linbinhao/ECG/ecg_paper_migration_full_20260522_extract/root/autodl-tmp/runs/benchmark_resnet1d_wang_direct_k500_v7_sjr_rgq/mainline_v7_k500_4gpu_20260605/chapman_shaoxing/runs/chapman_shaoxing_K500_direct_ft_benchmark_resnet1d_wang_ep30_seed20260531_val0p2/eval_result_v7_super5_sjr_rgq_review_exclrefs_crop1000.json,mainline direct
PN2021 clean drop-all-zero,ResNet1D-Wang,direct,直接微调,cpsc_2018,0.9073478993182807,0.7756896753807103,/home/linbinhao/ECG/ecg_paper_migration_full_20260522_extract/root/autodl-tmp/runs/benchmark_resnet1d_wang_direct_k500_v7_sjr_rgq/mainline_v7_k500_4gpu_20260605/cpsc_2018/runs/cpsc_2018_K500_direct_ft_benchmark_resnet1d_wang_ep30_seed20260531_val0p2/eval_result_v7_super5_sjr_rgq_review_exclrefs_crop1000.json,mainline direct
PN2021 clean drop-all-zero,ResNet1D-Wang,direct,直接微调,georgia,0.8227205733894145,0.6690418855218903,/home/linbinhao/ECG/ecg_paper_migration_full_20260522_extract/root/autodl-tmp/runs/benchmark_resnet1d_wang_direct_k500_v7_sjr_rgq/mainline_v7_k500_4gpu_20260605/georgia/runs/georgia_K500_direct_ft_benchmark_resnet1d_wang_ep30_seed20260531_val0p2/eval_result_v7_super5_sjr_rgq_review_exclrefs_crop1000.json,mainline direct
PN2021 clean drop-all-zero,ResNet1D-Wang,vae_noaug,VAE-only,ningbo,0.9000087543666708,0.6745566029126925,/home/linbinhao/ECG/ecg_paper_migration_full_20260522_extract/root/autodl-tmp/runs/benchmark_resnet1d_wang_vae_noaug_k500_v7_sjr_rgq/mainline_v7_k500_4gpu_20260605/ningbo_realall_targetheavy_M20_lam0p05_augmix_s2_wlat0p3_hs3_target_macro_auprc_cdhypminormsttc_hlabelcom_anchor_soft_sta_local_random_p120_fullft_noaugmix_ep30_seed20260531/eval_result_v7_exclrefs_crop1000.json,"new noAug fill, seed20260531"
PN2021 clean drop-all-zero,ResNet1D-Wang,vae_noaug,VAE-only,chapman_shaoxing,0.9050218709976188,0.6403258954704287,/home/linbinhao/ECG/ecg_paper_migration_full_20260522_extract/root/autodl-tmp/runs/benchmark_resnet1d_wang_vae_noaug_k500_v7_sjr_rgq/mainline_v7_k500_4gpu_20260605/chapman_shaoxing_realall_targetheavy_M20_lam0p05_augmix_s2_wlat0p3_hs3_target_macro_auprc_cdhypminormsttc_hlabelcom_anchor_soft_sta_local_random_p120_fullft_noaugmix_ep30_seed20260531/eval_result_v7_exclrefs_crop1000.json,"new noAug fill, seed20260531"
PN2021 clean drop-all-zero,ResNet1D-Wang,vae_noaug,VAE-only,cpsc_2018,0.9296152129420827,0.8355192996253219,/home/linbinhao/ECG/ecg_paper_migration_full_20260522_extract/root/autodl-tmp/runs/benchmark_resnet1d_wang_vae_noaug_k500_v7_sjr_rgq/mainline_v7_k500_4gpu_20260605/cpsc_2018_realall_targetheavy_M20_lam0p05_augmix_s2_wlat0p3_hs3_target_macro_auprc_cdhypminormsttc_hlabelcom_anchor_soft_sta_local_random_p120_fullft_noaugmix_ep30_seed20260531/eval_result_v7_exclrefs_crop1000.json,"new noAug fill, seed20260531"
PN2021 clean drop-all-zero,ResNet1D-Wang,vae_noaug,VAE-only,georgia,0.8356500683939139,0.6978455445324386,/home/linbinhao/ECG/ecg_paper_migration_full_20260522_extract/root/autodl-tmp/runs/benchmark_resnet1d_wang_vae_noaug_k500_v7_sjr_rgq/mainline_v7_k500_4gpu_20260605/georgia_realall_targetheavy_M20_lam0p05_augmix_s2_wlat0p3_hs3_target_macro_auprc_cdhypminormsttc_hlabelcom_anchor_soft_sta_local_random_p120_fullft_noaugmix_ep30_seed20260531/eval_result_v7_exclrefs_crop1000.json,"new noAug fill, seed20260531"
PN2021 clean drop-all-zero,ResNet1D-Wang,vae_augmix,VAE+AugMix,ningbo,0.9000087543666708,0.6745566029126925,/home/linbinhao/ECG/ecg_paper_migration_full_20260522_extract/root/autodl-tmp/runs/benchmark_resnet1d_wang_vae_lhat_k500_v7_sjr_rgq/mainline_v7_k500_4gpu_20260605/ningbo_realall_targetheavy_M20_lam0p05_augmix_s2_wlat0p25_hs3_target_macro_auprc_cdhypminormsttc_hlabelcom_anchor_soft_sta_local_random_p120_fullft_ep30_seed20260531/eval_result_v7_exclrefs_crop1000.json,mainline VAE-LHAT AugMix branch
PN2021 clean drop-all-zero,ResNet1D-Wang,vae_augmix,VAE+AugMix,chapman_shaoxing,0.8996141605320798,0.6411024288003582,/home/linbinhao/ECG/ecg_paper_migration_full_20260522_extract/root/autodl-tmp/runs/benchmark_resnet1d_wang_vae_lhat_k500_v7_sjr_rgq/mainline_v7_k500_4gpu_20260605/chapman_shaoxing_realall_targetheavy_M20_lam0p05_augmix_s2_wlat0p25_hs3_target_macro_auprc_cdhypminormsttc_hlabelcom_anchor_soft_sta_local_random_p120_fullft_ep30_seed20260531/eval_result_v7_exclrefs_crop1000.json,mainline VAE-LHAT AugMix branch
PN2021 clean drop-all-zero,ResNet1D-Wang,vae_augmix,VAE+AugMix,cpsc_2018,0.9294095187200947,0.8346460868382076,/home/linbinhao/ECG/ecg_paper_migration_full_20260522_extract/root/autodl-tmp/runs/benchmark_resnet1d_wang_vae_lhat_k500_v7_sjr_rgq/mainline_v7_k500_4gpu_20260605/cpsc_2018_realall_targetheavy_M20_lam0p05_augmix_s2_wlat0p25_hs3_target_macro_auprc_cdhypminormsttc_hlabelcom_anchor_soft_sta_local_random_p120_fullft_ep30_seed20260531/eval_result_v7_exclrefs_crop1000.json,mainline VAE-LHAT AugMix branch
PN2021 clean drop-all-zero,ResNet1D-Wang,vae_augmix,VAE+AugMix,georgia,0.8351282554458763,0.6955149163440615,/home/linbinhao/ECG/ecg_paper_migration_full_20260522_extract/root/autodl-tmp/runs/benchmark_resnet1d_wang_vae_lhat_k500_v7_sjr_rgq/mainline_v7_k500_4gpu_20260605/georgia_realall_targetheavy_M20_lam0p05_augmix_s2_wlat0p25_hs3_target_macro_auprc_cdhypminormsttc_hlabelcom_anchor_soft_sta_local_random_p120_fullft_ep30_seed20260531/eval_result_v7_exclrefs_crop1000.json,mainline VAE-LHAT AugMix branch
