model,method,run_id,center,corruption,severity_profile,severity,corruption_input,clean_auroc,clean_auprc,corrupted_auroc,corrupted_auprc,drop_auroc_pp,drop_auprc_pp,n_records,result_json,launch_manifest
EfficientNet1DV2,"VAE-LHAT + three-chain AugMix locked, official s5",locked_rawfirst_20260618_effnet_copies2,ningbo,powerline_noise,standard,5,raw_first,0.8921230955627808,0.5249696468943943,0.884817936064467,0.5094844439783397,0.7305159498313785,1.5485202916054597,34405,/home/linbinhao/ECG_adv_data/runs/pn2021c_effnet_threechain_locked_official_s5/locked_rawfirst_20260618_effnet_copies2/ningbo/effnet_threechain_locked/eval_pn2021_c_v7_refexcluded_stream_standard_official_s5_locked.json,/home/linbinhao/ECG_adv_data/runs/managed_launches/pn2021c_effnet_threechain_locked_official_s5_v1/run_manifest.json
EfficientNet1DV2,"VAE-LHAT + three-chain AugMix locked, official s5",locked_rawfirst_20260618_effnet_copies2,ningbo,emg_noise,standard,5,raw_first,0.8921230955627808,0.5249696468943943,0.8395919269402805,0.4395486001481975,5.253116862250029,8.542104674619678,34405,/home/linbinhao/ECG_adv_data/runs/pn2021c_effnet_threechain_locked_official_s5/locked_rawfirst_20260618_effnet_copies2/ningbo/effnet_threechain_locked/eval_pn2021_c_v7_refexcluded_stream_standard_official_s5_locked.json,/home/linbinhao/ECG_adv_data/runs/managed_launches/pn2021c_effnet_threechain_locked_official_s5_v1/run_manifest.json
EfficientNet1DV2,"VAE-LHAT + three-chain AugMix locked, official s5",locked_rawfirst_20260618_effnet_copies2,ningbo,baseline_wander,standard,5,raw_first,0.8921230955627808,0.5249696468943943,0.8698435187424192,0.4942035743601588,2.2279576820361635,3.0766072534235467,34405,/home/linbinhao/ECG_adv_data/runs/pn2021c_effnet_threechain_locked_official_s5/locked_rawfirst_20260618_effnet_copies2/ningbo/effnet_threechain_locked/eval_pn2021_c_v7_refexcluded_stream_standard_official_s5_locked.json,/home/linbinhao/ECG_adv_data/runs/managed_launches/pn2021c_effnet_threechain_locked_official_s5_v1/run_manifest.json
EfficientNet1DV2,"VAE-LHAT + three-chain AugMix locked, official s5",locked_rawfirst_20260618_effnet_copies2,ningbo,baseline_shift,standard,5,raw_first,0.8921230955627808,0.5249696468943943,0.8522662630780825,0.46231899121190156,3.985683248469829,6.265065568249273,34405,/home/linbinhao/ECG_adv_data/runs/pn2021c_effnet_threechain_locked_official_s5/locked_rawfirst_20260618_effnet_copies2/ningbo/effnet_threechain_locked/eval_pn2021_c_v7_refexcluded_stream_standard_official_s5_locked.json,/home/linbinhao/ECG_adv_data/runs/managed_launches/pn2021c_effnet_threechain_locked_official_s5_v1/run_manifest.json
EfficientNet1DV2,"VAE-LHAT + three-chain AugMix locked, official s5",locked_rawfirst_20260618_effnet_copies2,ningbo,random_leads_masking,standard,5,raw_first,0.8921230955627808,0.5249696468943943,0.7945514511592764,0.3600779530978004,9.75716444035044,16.48916937965939,34405,/home/linbinhao/ECG_adv_data/runs/pn2021c_effnet_threechain_locked_official_s5/locked_rawfirst_20260618_effnet_copies2/ningbo/effnet_threechain_locked/eval_pn2021_c_v7_refexcluded_stream_standard_official_s5_locked.json,/home/linbinhao/ECG_adv_data/runs/managed_launches/pn2021c_effnet_threechain_locked_official_s5_v1/run_manifest.json
EfficientNet1DV2,"VAE-LHAT + three-chain AugMix locked, official s5",locked_rawfirst_20260618_effnet_copies2,chapman_shaoxing,powerline_noise,standard,5,raw_first,0.8991837684898536,0.5131274499570243,0.8911671309868989,0.5010287080805476,0.8016637502954671,1.2098741876476748,9747,/home/linbinhao/ECG_adv_data/runs/pn2021c_effnet_threechain_locked_official_s5/locked_rawfirst_20260618_effnet_copies2/chapman_shaoxing/effnet_threechain_locked/eval_pn2021_c_v7_refexcluded_stream_standard_official_s5_locked.json,/home/linbinhao/ECG_adv_data/runs/managed_launches/pn2021c_effnet_threechain_locked_official_s5_v1/run_manifest.json
EfficientNet1DV2,"VAE-LHAT + three-chain AugMix locked, official s5",locked_rawfirst_20260618_effnet_copies2,chapman_shaoxing,emg_noise,standard,5,raw_first,0.8991837684898536,0.5131274499570243,0.8496809745197409,0.4010036927594923,4.95027939701127,11.212375719753197,9747,/home/linbinhao/ECG_adv_data/runs/pn2021c_effnet_threechain_locked_official_s5/locked_rawfirst_20260618_effnet_copies2/chapman_shaoxing/effnet_threechain_locked/eval_pn2021_c_v7_refexcluded_stream_standard_official_s5_locked.json,/home/linbinhao/ECG_adv_data/runs/managed_launches/pn2021c_effnet_threechain_locked_official_s5_v1/run_manifest.json
EfficientNet1DV2,"VAE-LHAT + three-chain AugMix locked, official s5",locked_rawfirst_20260618_effnet_copies2,chapman_shaoxing,baseline_wander,standard,5,raw_first,0.8991837684898536,0.5131274499570243,0.878834148162326,0.4638930222919879,2.034962032752763,4.923442766503639,9747,/home/linbinhao/ECG_adv_data/runs/pn2021c_effnet_threechain_locked_official_s5/locked_rawfirst_20260618_effnet_copies2/chapman_shaoxing/effnet_threechain_locked/eval_pn2021_c_v7_refexcluded_stream_standard_official_s5_locked.json,/home/linbinhao/ECG_adv_data/runs/managed_launches/pn2021c_effnet_threechain_locked_official_s5_v1/run_manifest.json
EfficientNet1DV2,"VAE-LHAT + three-chain AugMix locked, official s5",locked_rawfirst_20260618_effnet_copies2,chapman_shaoxing,baseline_shift,standard,5,raw_first,0.8991837684898536,0.5131274499570243,0.8518580121825122,0.43766492252629063,4.732575630734138,7.546252743073367,9747,/home/linbinhao/ECG_adv_data/runs/pn2021c_effnet_threechain_locked_official_s5/locked_rawfirst_20260618_effnet_copies2/chapman_shaoxing/effnet_threechain_locked/eval_pn2021_c_v7_refexcluded_stream_standard_official_s5_locked.json,/home/linbinhao/ECG_adv_data/runs/managed_launches/pn2021c_effnet_threechain_locked_official_s5_v1/run_manifest.json
EfficientNet1DV2,"VAE-LHAT + three-chain AugMix locked, official s5",locked_rawfirst_20260618_effnet_copies2,chapman_shaoxing,random_leads_masking,standard,5,raw_first,0.8991837684898536,0.5131274499570243,0.7815933824105377,0.33178882997548814,11.759038607931593,18.133861998153616,9747,/home/linbinhao/ECG_adv_data/runs/pn2021c_effnet_threechain_locked_official_s5/locked_rawfirst_20260618_effnet_copies2/chapman_shaoxing/effnet_threechain_locked/eval_pn2021_c_v7_refexcluded_stream_standard_official_s5_locked.json,/home/linbinhao/ECG_adv_data/runs/managed_launches/pn2021c_effnet_threechain_locked_official_s5_v1/run_manifest.json
EfficientNet1DV2,"VAE-LHAT + three-chain AugMix locked, official s5",locked_rawfirst_20260618_effnet_copies2,cpsc_2018,powerline_noise,standard,5,raw_first,0.8829042114897502,0.6216868945276021,0.8711026220497926,0.608967391589066,1.1801589439957572,1.2719502938536076,6377,/home/linbinhao/ECG_adv_data/runs/pn2021c_effnet_threechain_locked_official_s5/locked_rawfirst_20260618_effnet_copies2/cpsc_2018/effnet_threechain_locked/eval_pn2021_c_v7_refexcluded_stream_standard_official_s5_locked.json,/home/linbinhao/ECG_adv_data/runs/managed_launches/pn2021c_effnet_threechain_locked_official_s5_v1/run_manifest.json
EfficientNet1DV2,"VAE-LHAT + three-chain AugMix locked, official s5",locked_rawfirst_20260618_effnet_copies2,cpsc_2018,emg_noise,standard,5,raw_first,0.8829042114897502,0.6216868945276021,0.8479175270729652,0.567103823001989,3.4986684416784986,5.458307152561304,6377,/home/linbinhao/ECG_adv_data/runs/pn2021c_effnet_threechain_locked_official_s5/locked_rawfirst_20260618_effnet_copies2/cpsc_2018/effnet_threechain_locked/eval_pn2021_c_v7_refexcluded_stream_standard_official_s5_locked.json,/home/linbinhao/ECG_adv_data/runs/managed_launches/pn2021c_effnet_threechain_locked_official_s5_v1/run_manifest.json
EfficientNet1DV2,"VAE-LHAT + three-chain AugMix locked, official s5",locked_rawfirst_20260618_effnet_copies2,cpsc_2018,baseline_wander,standard,5,raw_first,0.8829042114897502,0.6216868945276021,0.8334733363906089,0.5478227047930061,4.943087509914124,7.386418973459596,6377,/home/linbinhao/ECG_adv_data/runs/pn2021c_effnet_threechain_locked_official_s5/locked_rawfirst_20260618_effnet_copies2/cpsc_2018/effnet_threechain_locked/eval_pn2021_c_v7_refexcluded_stream_standard_official_s5_locked.json,/home/linbinhao/ECG_adv_data/runs/managed_launches/pn2021c_effnet_threechain_locked_official_s5_v1/run_manifest.json
EfficientNet1DV2,"VAE-LHAT + three-chain AugMix locked, official s5",locked_rawfirst_20260618_effnet_copies2,cpsc_2018,baseline_shift,standard,5,raw_first,0.8829042114897502,0.6216868945276021,0.7855601062034067,0.4862021756772827,9.734410528634353,13.548471885031937,6377,/home/linbinhao/ECG_adv_data/runs/pn2021c_effnet_threechain_locked_official_s5/locked_rawfirst_20260618_effnet_copies2/cpsc_2018/effnet_threechain_locked/eval_pn2021_c_v7_refexcluded_stream_standard_official_s5_locked.json,/home/linbinhao/ECG_adv_data/runs/managed_launches/pn2021c_effnet_threechain_locked_official_s5_v1/run_manifest.json
EfficientNet1DV2,"VAE-LHAT + three-chain AugMix locked, official s5",locked_rawfirst_20260618_effnet_copies2,cpsc_2018,random_leads_masking,standard,5,raw_first,0.8829042114897502,0.6216868945276021,0.7929127602716685,0.4795005683102465,8.999145121808173,14.218632621735555,6377,/home/linbinhao/ECG_adv_data/runs/pn2021c_effnet_threechain_locked_official_s5/locked_rawfirst_20260618_effnet_copies2/cpsc_2018/effnet_threechain_locked/eval_pn2021_c_v7_refexcluded_stream_standard_official_s5_locked.json,/home/linbinhao/ECG_adv_data/runs/managed_launches/pn2021c_effnet_threechain_locked_official_s5_v1/run_manifest.json
EfficientNet1DV2,"VAE-LHAT + three-chain AugMix locked, official s5",locked_rawfirst_20260618_effnet_copies2,georgia,powerline_noise,standard,5,raw_first,0.8336094806001104,0.613515080586258,0.8204215607741105,0.5948549539327254,1.3187919825999872,1.8660126653532672,9844,/home/linbinhao/ECG_adv_data/runs/pn2021c_effnet_threechain_locked_official_s5/locked_rawfirst_20260618_effnet_copies2/georgia/effnet_threechain_locked/eval_pn2021_c_v7_refexcluded_stream_standard_official_s5_locked.json,/home/linbinhao/ECG_adv_data/runs/managed_launches/pn2021c_effnet_threechain_locked_official_s5_v1/run_manifest.json
EfficientNet1DV2,"VAE-LHAT + three-chain AugMix locked, official s5",locked_rawfirst_20260618_effnet_copies2,georgia,emg_noise,standard,5,raw_first,0.8336094806001104,0.613515080586258,0.7760932709126973,0.5408546545641222,5.751620968741311,7.2660426022135844,9844,/home/linbinhao/ECG_adv_data/runs/pn2021c_effnet_threechain_locked_official_s5/locked_rawfirst_20260618_effnet_copies2/georgia/effnet_threechain_locked/eval_pn2021_c_v7_refexcluded_stream_standard_official_s5_locked.json,/home/linbinhao/ECG_adv_data/runs/managed_launches/pn2021c_effnet_threechain_locked_official_s5_v1/run_manifest.json
EfficientNet1DV2,"VAE-LHAT + three-chain AugMix locked, official s5",locked_rawfirst_20260618_effnet_copies2,georgia,baseline_wander,standard,5,raw_first,0.8336094806001104,0.613515080586258,0.8065923016776387,0.5831950354371745,2.7017178922471685,3.0320045149083485,9844,/home/linbinhao/ECG_adv_data/runs/pn2021c_effnet_threechain_locked_official_s5/locked_rawfirst_20260618_effnet_copies2/georgia/effnet_threechain_locked/eval_pn2021_c_v7_refexcluded_stream_standard_official_s5_locked.json,/home/linbinhao/ECG_adv_data/runs/managed_launches/pn2021c_effnet_threechain_locked_official_s5_v1/run_manifest.json
EfficientNet1DV2,"VAE-LHAT + three-chain AugMix locked, official s5",locked_rawfirst_20260618_effnet_copies2,georgia,baseline_shift,standard,5,raw_first,0.8336094806001104,0.613515080586258,0.7815259301734547,0.5508715522767724,5.208355042665569,6.26435283094856,9844,/home/linbinhao/ECG_adv_data/runs/pn2021c_effnet_threechain_locked_official_s5/locked_rawfirst_20260618_effnet_copies2/georgia/effnet_threechain_locked/eval_pn2021_c_v7_refexcluded_stream_standard_official_s5_locked.json,/home/linbinhao/ECG_adv_data/runs/managed_launches/pn2021c_effnet_threechain_locked_official_s5_v1/run_manifest.json
EfficientNet1DV2,"VAE-LHAT + three-chain AugMix locked, official s5",locked_rawfirst_20260618_effnet_copies2,georgia,random_leads_masking,standard,5,raw_first,0.8336094806001104,0.613515080586258,0.7625765029183654,0.5204034956577914,7.1032977681744995,9.31115849284666,9844,/home/linbinhao/ECG_adv_data/runs/pn2021c_effnet_threechain_locked_official_s5/locked_rawfirst_20260618_effnet_copies2/georgia/effnet_threechain_locked/eval_pn2021_c_v7_refexcluded_stream_standard_official_s5_locked.json,/home/linbinhao/ECG_adv_data/runs/managed_launches/pn2021c_effnet_threechain_locked_official_s5_v1/run_manifest.json
ECGFounder,"full-FT VAE-LHAT + three-chain AugMix locked, official s5",locked_rawfirst_20260618,ningbo,powerline_noise,standard,5,bottleneck5000,0.8953512231531704,0.5276634769848343,0.8105357956774532,0.42179303612697183,8.481542747571725,10.587044085786246,34405,/home/linbinhao/ECG_adv_data/runs/pn2021c_ecgfounder_threechain_locked_official_s5/locked_rawfirst_20260618/ningbo/ecgfounder_threechain_locked/eval_pn2021_c_ecgfounder_v7_refexcluded_stream_standard_official_s5_locked.json,/home/linbinhao/ECG_adv_data/runs/managed_launches/pn2021c_ecgfounder_threechain_locked_official_s5_v1/run_manifest.json
ECGFounder,"full-FT VAE-LHAT + three-chain AugMix locked, official s5",locked_rawfirst_20260618,ningbo,emg_noise,standard,5,bottleneck5000,0.8953512231531704,0.5276634769848343,0.8351055543380961,0.44408769606086196,6.024566881507432,8.357578092397233,34405,/home/linbinhao/ECG_adv_data/runs/pn2021c_ecgfounder_threechain_locked_official_s5/locked_rawfirst_20260618/ningbo/ecgfounder_threechain_locked/eval_pn2021_c_ecgfounder_v7_refexcluded_stream_standard_official_s5_locked.json,/home/linbinhao/ECG_adv_data/runs/managed_launches/pn2021c_ecgfounder_threechain_locked_official_s5_v1/run_manifest.json
ECGFounder,"full-FT VAE-LHAT + three-chain AugMix locked, official s5",locked_rawfirst_20260618,ningbo,baseline_wander,standard,5,bottleneck5000,0.8953512231531704,0.5276634769848343,0.8872545376681347,0.5234758243744091,0.8096685485035726,0.41876526104251965,34405,/home/linbinhao/ECG_adv_data/runs/pn2021c_ecgfounder_threechain_locked_official_s5/locked_rawfirst_20260618/ningbo/ecgfounder_threechain_locked/eval_pn2021_c_ecgfounder_v7_refexcluded_stream_standard_official_s5_locked.json,/home/linbinhao/ECG_adv_data/runs/managed_launches/pn2021c_ecgfounder_threechain_locked_official_s5_v1/run_manifest.json
ECGFounder,"full-FT VAE-LHAT + three-chain AugMix locked, official s5",locked_rawfirst_20260618,ningbo,baseline_shift,standard,5,bottleneck5000,0.8953512231531704,0.5276634769848343,0.8656455759669403,0.49699889996952235,2.9705647186230144,3.0664577015311947,34405,/home/linbinhao/ECG_adv_data/runs/pn2021c_ecgfounder_threechain_locked_official_s5/locked_rawfirst_20260618/ningbo/ecgfounder_threechain_locked/eval_pn2021_c_ecgfounder_v7_refexcluded_stream_standard_official_s5_locked.json,/home/linbinhao/ECG_adv_data/runs/managed_launches/pn2021c_ecgfounder_threechain_locked_official_s5_v1/run_manifest.json
ECGFounder,"full-FT VAE-LHAT + three-chain AugMix locked, official s5",locked_rawfirst_20260618,ningbo,random_leads_masking,standard,5,bottleneck5000,0.8953512231531704,0.5276634769848343,0.799781005826812,0.37710719302081974,9.557021732635839,15.055628396401454,34405,/home/linbinhao/ECG_adv_data/runs/pn2021c_ecgfounder_threechain_locked_official_s5/locked_rawfirst_20260618/ningbo/ecgfounder_threechain_locked/eval_pn2021_c_ecgfounder_v7_refexcluded_stream_standard_official_s5_locked.json,/home/linbinhao/ECG_adv_data/runs/managed_launches/pn2021c_ecgfounder_threechain_locked_official_s5_v1/run_manifest.json
ECGFounder,"full-FT VAE-LHAT + three-chain AugMix locked, official s5",locked_rawfirst_20260618,chapman_shaoxing,powerline_noise,standard,5,bottleneck5000,0.904535459421526,0.5199409023287312,0.8313294147426799,0.4243302127823815,7.320604467884618,9.561068954634976,9747,/home/linbinhao/ECG_adv_data/runs/pn2021c_ecgfounder_threechain_locked_official_s5/locked_rawfirst_20260618/chapman_shaoxing/ecgfounder_threechain_locked/eval_pn2021_c_ecgfounder_v7_refexcluded_stream_standard_official_s5_locked.json,/home/linbinhao/ECG_adv_data/runs/managed_launches/pn2021c_ecgfounder_threechain_locked_official_s5_v1/run_manifest.json
ECGFounder,"full-FT VAE-LHAT + three-chain AugMix locked, official s5",locked_rawfirst_20260618,chapman_shaoxing,emg_noise,standard,5,bottleneck5000,0.904535459421526,0.5199409023287312,0.850085958341919,0.44232717677760974,5.4449501079607,7.761372555112151,9747,/home/linbinhao/ECG_adv_data/runs/pn2021c_ecgfounder_threechain_locked_official_s5/locked_rawfirst_20260618/chapman_shaoxing/ecgfounder_threechain_locked/eval_pn2021_c_ecgfounder_v7_refexcluded_stream_standard_official_s5_locked.json,/home/linbinhao/ECG_adv_data/runs/managed_launches/pn2021c_ecgfounder_threechain_locked_official_s5_v1/run_manifest.json
ECGFounder,"full-FT VAE-LHAT + three-chain AugMix locked, official s5",locked_rawfirst_20260618,chapman_shaoxing,baseline_wander,standard,5,bottleneck5000,0.904535459421526,0.5199409023287312,0.8938288894336868,0.5038595186618963,1.0706569987839254,1.608138366683498,9747,/home/linbinhao/ECG_adv_data/runs/pn2021c_ecgfounder_threechain_locked_official_s5/locked_rawfirst_20260618/chapman_shaoxing/ecgfounder_threechain_locked/eval_pn2021_c_ecgfounder_v7_refexcluded_stream_standard_official_s5_locked.json,/home/linbinhao/ECG_adv_data/runs/managed_launches/pn2021c_ecgfounder_threechain_locked_official_s5_v1/run_manifest.json
ECGFounder,"full-FT VAE-LHAT + three-chain AugMix locked, official s5",locked_rawfirst_20260618,chapman_shaoxing,baseline_shift,standard,5,bottleneck5000,0.904535459421526,0.5199409023287312,0.8708992428278041,0.4720208599196516,3.3636216593721957,4.792004240907966,9747,/home/linbinhao/ECG_adv_data/runs/pn2021c_ecgfounder_threechain_locked_official_s5/locked_rawfirst_20260618/chapman_shaoxing/ecgfounder_threechain_locked/eval_pn2021_c_ecgfounder_v7_refexcluded_stream_standard_official_s5_locked.json,/home/linbinhao/ECG_adv_data/runs/managed_launches/pn2021c_ecgfounder_threechain_locked_official_s5_v1/run_manifest.json
ECGFounder,"full-FT VAE-LHAT + three-chain AugMix locked, official s5",locked_rawfirst_20260618,chapman_shaoxing,random_leads_masking,standard,5,bottleneck5000,0.904535459421526,0.5199409023287312,0.8076945874256058,0.3672891138789128,9.684087199592017,15.265178844981847,9747,/home/linbinhao/ECG_adv_data/runs/pn2021c_ecgfounder_threechain_locked_official_s5/locked_rawfirst_20260618/chapman_shaoxing/ecgfounder_threechain_locked/eval_pn2021_c_ecgfounder_v7_refexcluded_stream_standard_official_s5_locked.json,/home/linbinhao/ECG_adv_data/runs/managed_launches/pn2021c_ecgfounder_threechain_locked_official_s5_v1/run_manifest.json
ECGFounder,"full-FT VAE-LHAT + three-chain AugMix locked, official s5",locked_rawfirst_20260618,cpsc_2018,powerline_noise,standard,5,bottleneck5000,0.8829279001218914,0.7060082582175874,0.776890364479908,0.499231912161672,10.603753564198337,20.67763460559154,6377,/home/linbinhao/ECG_adv_data/runs/pn2021c_ecgfounder_threechain_locked_official_s5/locked_rawfirst_20260618/cpsc_2018/ecgfounder_threechain_locked/eval_pn2021_c_ecgfounder_v7_refexcluded_stream_standard_official_s5_locked.json,/home/linbinhao/ECG_adv_data/runs/managed_launches/pn2021c_ecgfounder_threechain_locked_official_s5_v1/run_manifest.json
ECGFounder,"full-FT VAE-LHAT + three-chain AugMix locked, official s5",locked_rawfirst_20260618,cpsc_2018,emg_noise,standard,5,bottleneck5000,0.8829279001218914,0.7060082582175874,0.8196167101765987,0.5666184859084348,6.331118994529272,13.938977230915262,6377,/home/linbinhao/ECG_adv_data/runs/pn2021c_ecgfounder_threechain_locked_official_s5/locked_rawfirst_20260618/cpsc_2018/ecgfounder_threechain_locked/eval_pn2021_c_ecgfounder_v7_refexcluded_stream_standard_official_s5_locked.json,/home/linbinhao/ECG_adv_data/runs/managed_launches/pn2021c_ecgfounder_threechain_locked_official_s5_v1/run_manifest.json
ECGFounder,"full-FT VAE-LHAT + three-chain AugMix locked, official s5",locked_rawfirst_20260618,cpsc_2018,baseline_wander,standard,5,bottleneck5000,0.8829279001218914,0.7060082582175874,0.8583810332590914,0.6599572171474738,2.4546866862799943,4.60510410701136,6377,/home/linbinhao/ECG_adv_data/runs/pn2021c_ecgfounder_threechain_locked_official_s5/locked_rawfirst_20260618/cpsc_2018/ecgfounder_threechain_locked/eval_pn2021_c_ecgfounder_v7_refexcluded_stream_standard_official_s5_locked.json,/home/linbinhao/ECG_adv_data/runs/managed_launches/pn2021c_ecgfounder_threechain_locked_official_s5_v1/run_manifest.json
ECGFounder,"full-FT VAE-LHAT + three-chain AugMix locked, official s5",locked_rawfirst_20260618,cpsc_2018,baseline_shift,standard,5,bottleneck5000,0.8829279001218914,0.7060082582175874,0.8466620236302931,0.6299868546289228,3.6265876491598292,7.6021403588664604,6377,/home/linbinhao/ECG_adv_data/runs/pn2021c_ecgfounder_threechain_locked_official_s5/locked_rawfirst_20260618/cpsc_2018/ecgfounder_threechain_locked/eval_pn2021_c_ecgfounder_v7_refexcluded_stream_standard_official_s5_locked.json,/home/linbinhao/ECG_adv_data/runs/managed_launches/pn2021c_ecgfounder_threechain_locked_official_s5_v1/run_manifest.json
ECGFounder,"full-FT VAE-LHAT + three-chain AugMix locked, official s5",locked_rawfirst_20260618,cpsc_2018,random_leads_masking,standard,5,bottleneck5000,0.8829279001218914,0.7060082582175874,0.7940474863843195,0.5234705583357208,8.888041373757183,18.25376998818666,6377,/home/linbinhao/ECG_adv_data/runs/pn2021c_ecgfounder_threechain_locked_official_s5/locked_rawfirst_20260618/cpsc_2018/ecgfounder_threechain_locked/eval_pn2021_c_ecgfounder_v7_refexcluded_stream_standard_official_s5_locked.json,/home/linbinhao/ECG_adv_data/runs/managed_launches/pn2021c_ecgfounder_threechain_locked_official_s5_v1/run_manifest.json
ECGFounder,"full-FT VAE-LHAT + three-chain AugMix locked, official s5",locked_rawfirst_20260618,georgia,powerline_noise,standard,5,bottleneck5000,0.8446102625930347,0.6433593232587314,0.7626490152592136,0.5349296463811722,8.196124733382115,10.84296768775591,9844,/home/linbinhao/ECG_adv_data/runs/pn2021c_ecgfounder_threechain_locked_official_s5/locked_rawfirst_20260618/georgia/ecgfounder_threechain_locked/eval_pn2021_c_ecgfounder_v7_refexcluded_stream_standard_official_s5_locked.json,/home/linbinhao/ECG_adv_data/runs/managed_launches/pn2021c_ecgfounder_threechain_locked_official_s5_v1/run_manifest.json
ECGFounder,"full-FT VAE-LHAT + three-chain AugMix locked, official s5",locked_rawfirst_20260618,georgia,emg_noise,standard,5,bottleneck5000,0.8446102625930347,0.6433593232587314,0.7835830769650376,0.5503699950003678,6.102718562799714,9.29893282583636,9844,/home/linbinhao/ECG_adv_data/runs/pn2021c_ecgfounder_threechain_locked_official_s5/locked_rawfirst_20260618/georgia/ecgfounder_threechain_locked/eval_pn2021_c_ecgfounder_v7_refexcluded_stream_standard_official_s5_locked.json,/home/linbinhao/ECG_adv_data/runs/managed_launches/pn2021c_ecgfounder_threechain_locked_official_s5_v1/run_manifest.json
ECGFounder,"full-FT VAE-LHAT + three-chain AugMix locked, official s5",locked_rawfirst_20260618,georgia,baseline_wander,standard,5,bottleneck5000,0.8446102625930347,0.6433593232587314,0.8269297502875421,0.6199072038210423,1.7680512305492613,2.34521194376891,9844,/home/linbinhao/ECG_adv_data/runs/pn2021c_ecgfounder_threechain_locked_official_s5/locked_rawfirst_20260618/georgia/ecgfounder_threechain_locked/eval_pn2021_c_ecgfounder_v7_refexcluded_stream_standard_official_s5_locked.json,/home/linbinhao/ECG_adv_data/runs/managed_launches/pn2021c_ecgfounder_threechain_locked_official_s5_v1/run_manifest.json
ECGFounder,"full-FT VAE-LHAT + three-chain AugMix locked, official s5",locked_rawfirst_20260618,georgia,baseline_shift,standard,5,bottleneck5000,0.8446102625930347,0.6433593232587314,0.8047717601878909,0.5884648242227195,3.983850240514386,5.489449903601185,9844,/home/linbinhao/ECG_adv_data/runs/pn2021c_ecgfounder_threechain_locked_official_s5/locked_rawfirst_20260618/georgia/ecgfounder_threechain_locked/eval_pn2021_c_ecgfounder_v7_refexcluded_stream_standard_official_s5_locked.json,/home/linbinhao/ECG_adv_data/runs/managed_launches/pn2021c_ecgfounder_threechain_locked_official_s5_v1/run_manifest.json
ECGFounder,"full-FT VAE-LHAT + three-chain AugMix locked, official s5",locked_rawfirst_20260618,georgia,random_leads_masking,standard,5,bottleneck5000,0.8446102625930347,0.6433593232587314,0.7678677060286827,0.5425785966317349,7.674255656435203,10.078072662699643,9844,/home/linbinhao/ECG_adv_data/runs/pn2021c_ecgfounder_threechain_locked_official_s5/locked_rawfirst_20260618/georgia/ecgfounder_threechain_locked/eval_pn2021_c_ecgfounder_v7_refexcluded_stream_standard_official_s5_locked.json,/home/linbinhao/ECG_adv_data/runs/managed_launches/pn2021c_ecgfounder_threechain_locked_official_s5_v1/run_manifest.json
